공유가 키스씬으로 열일했는데 왜 침대로 산통 다깨냐	ㅇㅇ	1485033120
미풍이 커플은 ㄹㅇ 짜증난다	ㅇㅇ	1485033120
마지막 오프닝 ㅠㅠ	ㅇㅇ	1485033112
티빙 진짜 실시간티비 무료야?	양세바리	1485033108
은탁이목숨이랑 깨시삶이랑 바꾸지 않을까?	ㅇㅇ	1485033107
근데 공유는 ㄹㅇ 키스장인이더라	ㅇㅇ	1485033107
미풍 장고 얘긴 노관심 빨랑 아빠나 찾아라	ㅇㅇ	1485033105
미풍이랑 장고 실종되버리면 좋겠다	ㅇㅇ	1485033102
미풍이는 이타이밍에 뭐하는짓ㅋㅋㅋㅋㅋㅋ	ㅇㅇ	1485033100
장고 징그럽다	ㅇㅇ	1485033100
넷다 이승에서 행복하게살아라	ㅇㅇ	1485033097
이모 귀신인거냐?	ㅇㅇ	1485033097
써니가 은탁이 대신 차 사고 나서 죽는거 선택한거 아님?	ㅇㅇ	1485033094
장고 시발놈 왜저랰ㅋㅋㅋㅋㅋㅋ	ㅇㅇ	1485033092
도깨비만 불멸이면 뭐가 해피야	ㅇㅇ	1485033091
속보朴대통령 측 "'블랙리스트 작성 지시' 허위보도…민·형사 법적대응"	ㅇㅇ	1485033078
갠적으로 오늘꺼 설렘이유	ㅇㅇ	1485033075
미풍이 재결합 할듯	ㅇㅇ	1485033072
반장도 뭐 있을 각인데	ㅇㅇ	1485033072
미풍이는 또 왜저러고 있음	ㅇㅇ	1485033070
전동침대 환자인줄ㅋㅋㄲ	ㅇㅇ	1485033068
태후도 새드 걱정했는데 해피였잖아 도깨비도 그렇겠지	ㅇㅇ	1485033065
이모가 미안해서	ㅇㅇ	1485033065
장고랑 미풍이 이혼시켜줘 제발	ㅇㅇ	1485033063
10년전 김은숙:(커프들어올리는키스신을 보며) 이거다 씨발	ㅇㅇ	1485033055
아 진짜 막판 날림이네	ㅇㅇ	1485033055
지은탁 임신한거아님?	ㅇㅇ	1485033054
김고은한테 왜 열폭하는거야?	ㅇㅇ	1485033054
응숙인 새드 쓸줄 모름 ㅋㅋㅋ	ㅇㅇ	1485033053
은숙이 파리의 연인 엔딩 꼬라지 기억나냐?	ㅇㅇ	1485033052
도깨비 마지막회 유출됨 ㄷㄷㄷㄷㄷㄷㄷㄷㄷㄷㄷㄷㄷ	ㅇㅇ	1485033050
김고은 리즈시절 심은하 특유의 도발적 매력이 있어	ㅇㅇ	1485033050
15 16 연달아 하는 바람에 상플 초치기 난리났네 ㅋㅋ	ㅇㅇ	1485033043
근데 오ㅐ 이모 귀신이라고 추측하는거?	ㅇㅇ	1485033042
응복이는 키스빼고는 다 잘 찍음ㅋ	ㅇㅇ	1485033041
공유는 만만세다	ㅇㅇ	1485033041
준영이 넘 불쌍해ㅠㅠㅠㅠ	ㅇㅇ	1485033038
단풍잎이 뭐라고 기억이 돌아온거냐고 이거 좀 설명해줘	ㅇㅇ	1485033033
도깨비는 재방 잘 해주는데 미풍이는 재방도 잘 안함	ㅇㅇ	1485033032
저승사자되고싶어서 써니 자살함?	ㅇㅇ	1485033030
지이이잉 하면서 침대 내려가던거 자꾸 생각나서 현웃터짐ㅋㅋㅋㅋㅋㅋ	ㅇㅇ	1485033027
김고은이 빻아서 그렇지 귀여운 연기는 잘하네	ㅇㅇ	1485033025
알고보면 오지는 빅픽쳐	ㅇㅇ	1485033027
도깨비 엔딩 새드냐?	ㅇㅇ	1485033022
김고은 별로라그러면 외모지상주의자 되냐?	ㅇㅇ	1485033015
다들 죽어서 저승서 사랑하자ㅋㅋ	ㅇㅇ	1485033012
광고 언제까지 하냐?	ㅇㅇ	1485033016
다른 드라마는 모르겠는데 도깨비는	ㅇㅇ	1485033012
16회에서 지은탁 또 우는척 하던데 ㅠㅠ	ㅇㅇ	1485033009
아까 협찬 나올때 엘리트 본거 같은데 본사람?	비형여자	1485033009
긷줌 도깨비 15화 평 ㅋㅋㅋㅋ	ㅇㅇ	1485033005
유회장 죽을때도 은탁이가 저렇게 미안하다고	ㅇㅇ	1485033005
예고 너무 낚시다 ㅋㅋㅋ	ㅇㅇ	1485033004
지은탁 2회 정도에 죽고 새로운 도깨비신부 나왔으면	ㅇㅇ	1485033004
써니가 은탁이 지키고 죽는듯	ㅇㅇ	1485033003
야 관계자피셜 모두가 만족할만한 엔딩이랬음	ㅇㅇ	1485033002
역대급 드라마 인정ㅋㅋ	ㅇㅇ	1485033005
다음주가 아니라는게 존나 다행ㅋㅋ	ㅇㅇ	1485032999
미풍아 저 노래 좋아	ㅇㅇ	1485032998
쌈마이웨이 진짜 20대 중반 로코물이야?	양세바리	1485032998
은숙이 새드 쓴적없지않냐?	ㅇㅇ	1485032998
[단독] "김은희작가" 믿었던 은숙이마저 깨져 원톱 왕좌 탈환	ㅇㅇ	1485032995
미풍이 썰매 왜 같이 타주고있나	ㅇㅇ	1485032987
퀘백에서 미리 찍은게 은탁이씬엔 독이었네	ㅇㅇ	1485032980
다 찻집에서 재회네 메인 서브다	ㅇㅇ	1485032979
써니죽어서 저승이되는거 진짜 구린데ㄷㄷ	ㅇㅇ	1485032978
근데 은탁이 침대 ㅋㅋㅋㅋㅋ	ㅇㅇ	1485032977
예고낚시일듯 ㄹㅇ 시청자들계속보라고	ㅇㅇ	1485032976
궁녀차사는 쓸데없이 전생만 깨치고 아웃된거?	ㅇㅇ	1485032973
이모랑 써니 귀신임??	ㅇㅇ	1485032971
오늘 은숙이가 커프 본거 인증함ㅋㅋㅋㅋㅋㅋㅋ	ㅇㅇ	1485032970
기억찾는거 너무 허무함 ㅋㅋㅋ	ㅇㅇ	1485032969
김고은 연기가 진짜 별로야?	ㅇㅇ	1485032969
써니 어차피 기억 잃어도 왕여 좋아할꺼임	ㅇㅇ	1485032968
아 장고새끼 진짜 존나 싫음 개싫음 극혐	ㅇㅇ	1485032967
내가맞춰볼게 지은탁 임신했는데 애기 지키고 죽는듯	ㅇㅇ	1485032963
은숙이 드디어 새드냐?	ㅇㅇ	1485032963
도깨비 15회 분량 짧아서 청률 내려갈듯	ㅇㅇ	1485032962
나비는 뭐야?	ㅇㅇ	1485032961
깨비가본 써니 미래는 뭔데	ㅇㅇ	1485032959
근데 써니 왜 자살함?	ㅇㅇ	1485032960
대놓고 새드 예고 = 확실안 해피엔딩	ㅇㅇ	1485032963
야 근데 어제 예고에 분명 누워서 키스하는거있었는데	ㅇㅇ	1485032955
기억 찾는거 너무 싱거워서 김빠졌는데 김신이 존좋	ㅇㅇ	1485032953
미풍이도 눈썰매타면 제정신아닌거다	ㅇㅇ	1485032952
잘받아지는 좌표 가져왔어	ㅇㅇ	1485032955
그냥 다 죽고 하늘세계에서 해피엔딩	ㅇㅇ	1485032947
더킹 캐릭 누가 젤 좋냐?	ㅇㅇ	1485032941
도깨비 다 죽고 다음생으로 만나서 리셋각	ㅇㅇ	1485032942
미풍아 손호준 개ㅆㅆㅆㅆㅆㅆㅆ극혐	ㅇㅇ	1485032941
은탁이 이모 귀신이냐? 헐	ㅇㅇ	1485032939
공유 확실히 초반 찍은 비주얼이 개쩖	ㅇㅇ	1485032938
갠적으로 오늘꺼 설렘이유	ㅇㅇ	1485032941
예고가 새드어야 사람들이 자리 안뜨고 보지 ㅋㅋ	ㅇㅇ	1485032933
써니 자살해서 저승사자 되는 거?	ㅇㅇ	1485032932
아닠ㅋㅋㅋㅋㅋㅋ바로막방하는데 예고편해줄거라 생각도 못함ㅋㅋㅋㅋ	ㅇㅇ	1485032930
은숙아 제발 새드	ㅇㅇ	1485032929
도깨비 속편 이거 아닐까	ㅇㅇ	1485032932
다 죽자 발리 엔딩 넘어보자 ㄱㄱㄱㄱ	ㅇㅇ	1485032925
아까 인민군 배우 누구냐 상큼하고 잘생	ㅇㅇ	1485032923
15화 끝나고 예고해줬니	ㅇㅇ	1485032921
써니가 자살할 얼굴이 아닌데 ㅋㅋ	ㅇㅇ	1485032920
어 치킨 미리 시켰어야 되는데	ㅇㅇ	1485032918
환생 해피엔딩같다 느낌이	ㅇㅇ	1485032918
써니랑 저승이는 제대로 연애도 못해보고 고통만 받다 뒤지다니 억울하다	ㅇㅇ	1485032921
호텔에서 키스신왜짜른거야?	oo	1485032917
장고 질척 오지네	ㅇㅇ	1485032913
공유 이동욱 둘다 비줘 ㅁㅊㄷ	ㅇㅇ	1485032911
분명 써니 죽은건데 저승이 찻집에서 만나니까 존나 애틋하고 달달	ㅇㅇ	1485032912
김선은 현생에서도 단명하냐ㅜ	ㅇㅇ	1485032911
은탁이 죽어야	ㅇㅇ	1485032910
16회위해 15회피피엘하느라 반쯤 버린거라 믿고 기다린다	ㅇㅇ	1485032908
써니 죽어서 우는거 아냐'??	ㅇㅇ	1485032906
16회 몇분에 시작해?	ㅇㅇ	1485032906
임지연 귀여워ㅋㅋ	ㅇㅇ	1485032904
케이블이라 은숙이가 모험하는듯 작품중유일하게 새드	ㅇㅇ	1485032902
그래 다 죽이는것도 한드에서 색다로울듯하다	ㅇㅇ	1485032901
권혁수 볼케이노 광고 뭐냨ㅋㅋㅋㅋㅋㅋㅋ	ㅇㅇ	1485032892
나 1분 못봤는데 뭔일 있었어? 왜 다 죽는데??	ㅇㅇ	1485032890
근데 김신 왜 써니한테 별관심이 없냐?	ㅇㅇ	1485032883
그와중에 공유는 비줠이 미쳤구나 ㅠㅠ	ㅇㅇ	1485032877
~혼란갤~	ㅇㅇ	1485032874
도깨비 분량 생각보다 짧나보네	ㅇㅇ	1485032871
공유는 우리 드라마사에 일찌기 없던 멋짐같아	ㅇㅇ	1485032870
저 예고에서 어케 해피가 나오지;;	ㅇㅇ	1485032869
은숙이 드디어 새드엔딩이냐?	ㅇㅇ	1485032871
긷줌들 또 심술부리고있냐?	ㅇㅇ	1485032867
은숙이모 새드 부탁해여	킹니갓니	1485032866
야 은탁이가 도깨비한테 우리 10년뒤에 동갑된다는게	ㅇㅇ	1485032866
해피긴 해피일텐데 예고에서 저러는거보면	ㅇㅇ	1485032865
미풍이 저 개멍청한게 이혼 안하는거 아님?	ㅇㅇ	1485032865
이조녁씨 나오긴 나와?	ㅇㅇ	1485032864
니들이 하도  은숙이 해피밖에 못쓴다니깐	ㅇㅇ	1485032864
솔로몬보는사람없냐	ㅇㅇ	1485032864
권혁수 광고 ㅋㅋㅋㅋㅋ 미친 ㅋㅋㅋ굽네 볼케이노 ㅋㅋㅋ	ㅇㅇ	1485032868
오늘 공유 진짜 좋다ㅋㅋ	ㅇㅇ	1485032863
티비앤 시작시간 알려주는거좋지 않냐?	ㅇㅇ	1485032861
이게 모야.  죽어??????????? 나비는 뭐해?	Oh	1485032854
김은숙 해피충이자나 그래서 다 죽이는 거 아님??	ㅇㅇ	1485032852
은숙이 미쳤냐 여주들을 다 죽이려고?	ㅇㅇ	1485032851
도깨비 해피엔딩에 100원 건다	ㅇㅇ	1485032847
근데 이제훈	ㅇㅇ	1485032843
다 죽고 환생해서 만나는거 아냐? ㅋㅋㅋ	ㅇㅇ	1485032845
11분남았다고 친절히 알려주네 ㅋㅋㅋㅋㅋㅋㅋㅋㅋㅋㅋㅋㅋㅋㅋ	ㅇㅇ	1485032842
은탁이 이모가 귀신이라늬?????	ㅇㅇ	1485032841
손호준 초반에는 개발연기였는데 조금 연기 늘었다.	ㅇㅇ	1485032842
다 죽고 하늘가네 ㅋㅋㅋㅋㅋ	ㅇㅇ	1485032839
야 그럼 아까 김신이 본 써니 미래는 뭔데	ㅇㅇ	1485032838
은숙아 ㅅㅂ 예고로 낚는ㄱ지?  아씨 ㅜㅜ	ㅇㅇ	1485032837
아니 둘다 죽으면 어찌되는데????	ㅇㅇ	1485032837
써니 왜 뒤짐? 김신이 써니 죽은거암?	ㅇㅇ	1485032837
저승사자되는데 시간 개오래걸리지않음?ㅋㅋㅋㅋㅋ	ㅇㅇ	1485032835
15화 제일 슬픈씬 이산가족 제일 웃긴씬 지잉	ㅇㅇ	1485032834
설마 써니,탁이 죽고 김신, 저승이 런웨이하면서 염라국 출동은	ㅇㅇ	1485032832
자살해야 저승사자되니까 ㅠㅠ	애미다~	1485032830
교통사고 넘 많다...	ㅇㅇ	1485032829
은숙이 다 죽이면 진짜 왜 티비엔 갔는지 이해될듯 ㅋㅋㅋㅋ	ㅇㅇ	1485032828
다죽고 인간이 아닌 모습으로	ㅇㅇ	1485032825
도깨비 막방땜에 예매한 영화 취소함 ㅋㅋㅋㅋㅋ	ㅇㅇ	1485032825
얘들아 김은숙이야 ㅋㅋㅋㅋㅋㅋ 해피다	ㅇㅇ	1485032825
다 죽어도 좋다 눈물 쏙빠지게 ㅜㅜ	ㅇㅇ	1485032825
근데 써니 저승사자되면 기억없어지잖아?	ㅇㅇ	1485032824
근데 마지막회를 2시간이나한다는거야?	ㅇㅇ	1485032824
은숙이가 새드를 쓸리없다고 생각했는데	ㅇㅇ	1485032824
예고가 새드여야 사람들이 팔딱팔딱 낚이고 본다	ㅇㅇ	1485032823
공유 미쳤다ㅋㅋㅋㅋㅋㅋㅋㅋㅋ씨밯	ㅇㅇ	1485032821
음 막판까지 예고로 낚시하네 ㅋ	ㅇㅇ	1485032816
써니는 죽었고 은탁이는 어찌될찌	ㅇㅇ	1485032812
아니 이모도 귀신임??	ㅇㅇ	1485032812
장고 쟤는 왜 저러냐?	ㅇㅇ	1485032812
써니 탁이 죽어서 깨비랑 저승이가 염라대왕 찾아가냐?ㅋㅋㅋ	ㅇㅇ	1485032814
써니랑 은탁이 둘다죽나보네 헐	ㅇㅇ	1485032810
은숙이의 새드를 응원합니다	ㅇㅇ	1485032810
은탁이 이모 귀신이지??	ㅇㅇ	1485032810
다죽이냐?	ㅇㅇ	1485032809
저승사자 감기걸렸니	ㅇㅇ	1485032808
40분까지 광고함?	ㅇㅇ	1485032807
보이스 55분후 방송됩니다	ㅇㅇ	1485032805
써니 죽는게 더애절	ㅇㅇ	1485032803
은숙아 그르지마 그르지마 왜그래	ㅇㅇ	1485032803
[속보] 김은숙 과로로 마지막회 임성한작가에게 대필 부탁	ㅇㅇ	1485032800
뭐야 다 죽어 뭐냐 ㅅㅂ ㅋㅋ	ㅇㅇ	1485032796
1회 때 엄마 사고나던 그대로 죽나??	ㅇㅇ	1485032792
그냥다죽이고 끝내자	ㅇㅇ	1485032790
죽는거냐...	ㅇㅇ	1485032790
김은희 :[씨익]	ㅇㅇ	1485032789
이번에 다죽이냐?	ㅇㅇ	1485032789
은숙이 속셈이 뭐냐 아오 씨 미치겠네	ㅁㅁ	1485032788
아니 근데 왤케 짧아? 편성표랑 다르잖아 시발 ㅋㅋㅋㅋ	ㅇㅇ	1485032787
기타누락자  사고 써니 자살	ㅇㅇ	1485032787
40분되야 시작하네	ㅇㅇ	1485032786
15화는 공유 매력발산 회차닼ㅋㅋㅋㅋㅋㅋㅋㅋㅋㅋ	ㅇㅇ	1485032786
15회 60분 밖에 안했어  ㅠ	ㅇㅇ	1485032786
ㅅㅂ 인간들은 다 죽이냐 ㅜㅜㅜㅜ나방놈 ㅜㅠ	ㅇㅇ	1485032784
헐 써니 방금 죽었음??	ㅇㅇ	1485032783
아 장고 시바 꺼지라	ㅇㅇ	1485032784
다죽는거ㅗ냐	ㅇㅇ	1485032783
지은탁은안죽지 세드일리없어	ㅇㅇ	1485032784
은탁 써니 둘다 죽나보네	ㅇㅇ	1485032787
도깨비 마지막회 눈물 펑펑각이네 ㅠㅠㅠㅠㅠㅠㅠㅜ	ㅇㅇ	1485032782
일단 써니가 죽는건 확정아님?	ㅇㅇ	1485032782
4명 다 죽고 저승 가서 놀자 개꿀ㄹㅇㅋㅋㅋㅋ	킹니갓니	1485032782
웬지 김신 은탁 써니 저승이 모두 사망각이다 ㄷㄷㄷㄷㄷ	ㅇㅇ	1485032782
뭐야 다 죽는 거야ㅠㅠ	ㅇㅇ	1485032782
미풍이 아바지 등장 시키고	ㅇㅇ	1485032779
길가다가 너무 예쁘셔서 커퓌라도 하고 싶네요 뭐임	ㅇㅇ	1485032779
오늘 왜이렇게 노잼이야 도깨비 ㅠ	ㅇㅇ	1485032779
헐 이제훈은 연기가 왜 또 저러냐	ㅇㅇ	1485032779
ㅁㅊ 구혜선 안재현 ㅋㅋㅋㅋㅋㅋ	ㅇㅇ	1485032777
우와 씬난다 지은탁 쥬금 하하핫	ㅇㅇ	1485032776
16화 9시 40분 시작 맞냐	ㅇㅇ	1485032775
미친 둘다죽는거냐;;;;;	ㅇㅇ	1485032773
ㅋㅋㅋㅋㅋㅋㅋ방금 이제훈 예고ㅋㅋㅋㅋㅋㅋ	ㅇㅇ	1485032773
여주, 섭녀 둘다 죽는필인데? ㅡ.ㅡ	ㅇㅇ	1485032770
써니 지은탁 죽으면 은숙이 ㅇㅈ한다	ㅇㅇ	1485032768
저승이가 기타누락자 살려서 은탁이가 미안하다고하는가	ㅇㅇ	1485032765
예고 뭐냐 ㄷㄷㄷㄷㄷㄷㄷㄷㄷㄷㄷㄷㄷㄷㄷㄷㄷㄷㄷㄷ	ㅇㅇ	1485032769
할 뭐야 ㅠㅠㅠㅠ 써니는 자살각이고 은탁인 사고로 죽냐? ㅠㅠㅠ	ㅇㅇ	1485032765
은숙이가 새드를 쓸리가 없는데	ㅇㅇ	1485032765
둘 다 죽냐 --	꽁빌레라	1485032761
빻탁이 뒤짐 개신남ㅋㅋㅋㅋㅋㅋㅋ	ㅇㅇ	1485032759
나비 씹관종 새끼가 마지막까지 김신 울리네	ㅇㅇ	1485032758
써니 은탁이 다 죽냐며 ㄷㄷㄷㄷ	ㅇㅇ	1485032757
써니 탁이 다 죽냐?	ㅇㅇ	1485032758
써니랑 지은탁 다 죽음???	ㅇㅇ	1485032757
근데 궁금한데 써니 왜 자살함?	ㅇㅇ	1485032757
예고 다 낚시임 너무 노골적으로 새드 보여줌	ㅇㅇ	1485032756
은숙이 한번 더 꺾네ㄷㄷㄷ	ㅇㅇ	1485032756
유인나 자살각 맞나본대?? 망각차 받는거보니까	ㅇㅇ	1485032754
신민아보니까	ㅇㅇㅇ	1485032753
헐 은숙이 새드냐??	ㅇㅇ	1485032752
은숙아 다 죽이니...설마	ㅇㅇ	1485032748
은탁써니 다죽네 ㅅㅂ	ㅇㅇ	1485032748
써니 죽네	ㅇㅇ	1485032743
진짜 은탁이랑 써니 둘다 죽냐?	ㅇㅇ	1485032746
김신 능력ㅈ그대로면 늙지도 않는거네??	ㅇㅇ	1485032740
효원이는 뭐 저런걸 물어보냐 쟤네들도 정상은 아냐	ㅇㅇ	1485032743
둘다 죽이냐? 헐	ㅇㅇ	1485032739
예고 뭔데???	ㅇㅇ	1485032738
은탁이가 스스로 죽음을 선택하나봐	ㅇㅇ	1485032737
일룸 피피엘 이해합니다	ㅇㅇ	1485032737
새드냐	ㅇㅇ	1485032736
써니죽었써 씨발ㅜㅜㅜㅜㅜㅜㅜㅜㅜㅜㅡ	ㅇㅇ	1485032735
뭐지 이건......	ㅇㅇ	1485032735
귀신이 보이면 어떻게 되는 거야?	이기적유전자*	1485032734
헐 써니죽나봐 ㅠㅠㅠ	ㅇㅇ	1485032732
예고뭐냐 헐? 다 죽냐 ㄷㄷ	ㅇㅇ	1485032730
그냥 한시간씩 끊지 뭐하러 세시간을 잡았지	ㅇㅇ	1485032729
나중에 유인나 저승이 신입으로 들어오는장면 백퍼나올듯 ㅋㅋ	ㅇㅇ	1485032729
헐 방금 존나 못생겼었다	ㅇㅇ	1485032729
헐 예고무ㅜ냐ㅠㅠㅠ	ㅇㅇ	1485032727
헐 써니 진짜 죽나	ㅇㅇ	1485032726
속보 예고김고은 존못	ㅇㅇ	1485032725
미친 써니 죽어?	ㅇㅇ	1485032724
써니 자살이랑 은탁 아홉수 겹치면 저승이 누굴 지키냐?	ㅇㅇ	1485032723
코믹씬빼고 기억찾는거에 힘주지	ㅇㅇ	1485032722
헐 써니야ㅠㅠㅠㅠㅠ	ㅇㅇ	1485032722
써니 죽네 ㅠㅠㅠㅠㅠㅠㅠ	ㅇㅇ	1485032721
써니는 이미 자살로 죽음	ㅇㅇ	1485032719
도깨비 보니깐 캐나다 가고싶다ㅠㅠ	ㅇㅇ	1485032719
헐. 써니	ㅇㅇ	1485032718
깨비 결혼하면 인간되면 좋겠다	ㅇㅇ	1485032717
써니.죽었네	ㅇㅇ	1485032715
도깨비 이렇게끝남?막방임?	ㅇㅇ	1485032713
공유 너무 좋다	ㅇㅇ	1485032712
이모 귀신이야?	ㅇㅇ	1485032710
900년을 고르고 고른게 은탁이라니ㅋ	ㅇㅇ	1485032708
난 도깨비 피피엘보고 토레타 일룸 극혐되고 에어캐나다 존나 끌린다	ㅇㅇ	1485032712
질질끌다 끝나네	ㅇㅇ	1485032707
써니 죽었네	ㅇㅇ	1485032707
긷갤에 벚꽃스포 올라왔던거 기억나냐	ㅇㅇ	1485032706
이어서 안 하네	ㅇㅇ	1485032705
장고미풍 이혼하자	ㅇㅇ	1485032702
써니가 제일 불쌍해 시발ㄹㄹㄹㄹㄹㄹㄹㄹ	ㅇㅇ	1485032703
응복이도 날림으로 일하네 어제도 그러고 엔딩 왜 이따구	ㅇㅇ	1485032697
야 40분뒤에 해 ???깨비 마지막회 ?	ㅇㅇ	1485032695
왜 뒤로 갈수록 노잼이냐	ㅇㅇ	1485032693
어제 김고은 심하게 못생겨보인 이유를알았다	ㅇㅇ	1485032691
깨비 진짜 로맨틱하다 프로포즈하니 꽃피는거보소 ㅠㅠㅠ	ㅇㅇ	1485032690
편성표40분까지던데	ㅇㅇ	1485032687
빻탁이 진짜 개빻음 씨발	ㅇㅇ	1485032686
공유가 열일한다 ㅠㅠ	ㅇㅇ	1485032684
허접 차라리 어제 끝내지	ㅇㅇ	1485032683
미풍이 깔끔한 이혼길만 걷길 ㅠㅠ	ㅇㅇ	1485032683
근데 김신 써니보러 잘 안가네? 써니가 자기 기억 못하는걸로 알아서	ㅇㅇ	1485032683
연방한다고 엔딩씬이 시들하네	ㅇㅇ	1485032682
그냥 딱 여기서 끝내도 될거같은데	ㅇㅇ	1485032678
둘이 보통 사람처럼 결혼하고 살 수 있나?	ㅇㅇ	1485032678
깨비야 ㅠㅠㅠㅠㅠㅠㅠㅠㅠㅠㅠㅠㅠㅠ	ㅇㅇ	1485032675
근데 도깨비랑 인간이랑 됩니까	ㅇㅇ	1485032675
응 이상했어 거지같앴어	ㅇㅇ	1485032672
써니도 저승사자 되는거 아니겠지	ㅇㅇ	1485032667
진짜 한개도 안설렌다	ㅇㅇ	1485032665
이거원래 한시간짜리?	ㅇㅇ	1485032663
티빙 되게 끊기네	ㅇㅇ	1485032663
또 꽃피었어 ㅋㅋㅋㅋㅋㅋㅋㅋ	ㅇㅇ	1485032667
무뜬금엔딩입갤	ㅇㅇ	1485032662
15끝?	ㅇㅇ	1485032662
첫사랑 회수한다 ㅋㅋㅋㅋㅋㅋㅋㅋㅋㅋㅋㅋㅋㅋ	ㅇㅇ	1485032657
꽃 만개한것봨ㅋㅋㅋㅋㅋㅋㅋㅋㅋㅋㅋㅋㅋㅋㅋㅋㅋ	ㅇㅇ	1485032660
고려남자 꽃피웠어ㅋㅋㅋㅋㅋㅋ	ㅇㅇ	1485032654
프로포즈하고 꽃폈어 헐 ㅠㅠㅜㅜㅠㅠㅠㅠㅠ	ㅇㅇ	1485032652
써니 굳이 왜 떠나는거야???	ㅇㅇ	1485032651
청혼 ㄷㄷ	ㅇㅇ	1485032649
지은탁 타임 화장실타임	ㅇㅇ	1485032650
써니가 자살을 하려고 해도 저승이가 명부를 받고 말리면 끝	ㄷㅋ	1485032650
니가 계속 눈부시대	ㅇㅇ	1485032641
ㅋㅋㅋㅋㅋㅋㅋㅋ할매	ㅇㅇ	1485032634
도깨비는 코트 보는 맛이 있어 좋다	비형여자	1485032634
뷰리풀 입갤 ㅜㅜㅜㅜ	ㅇㅇ	1485032630
귀신이 보인다는 의미가 다시 죽음의 위기가 다가온다는 의미인데...	ㅇㅇ	1485032634
근데 써니가 자살하면	ㅇㅇ	1485032624
그냥 저승이가 써니 델꼬 도망가라	ㅇㅇ	1485032623
근데 은숙이가 자살같은 걸로 이뤄지게 할거 같진 않은데ㅜㅜ	ㅇㅇ	1485032622
써니좀 신경써줘라	ㅇㅇ	1485032620
미풍아빠 졸귀 ㅋㅋㅋ	ㅇㅇ	1485032613
응 그 그지꼴이 무신이야	ㅇㅇ	1485032606
찌라시ㅋㅋㅋㅋㅋㅋㅋ	ㅇㅇ	1485032597
써니 자살한대?	ㅇㅇ	1485032596
공유 지금 착장 조타	ㅇㅇ	1485032594
공유 분량 쩌네	ㅇㅇ	1485032591
도깨비 안보다 보는데 저승사자랑 써니는 왜안됨?	ㅇㅇ	1485032579
은탁이나 그 친구 반장 말야.. 둘 중 한명 혹시 귀신 아님???	ㅇㅇ	1485032579
2007년이나 2017년이나 크게 안 변했는데	ㅇㅇ	1485032578
공유 착장 존좋이네 ㅋㅋㅋㅋㅋㅋㅋ	ㅇㅇ	1485032577
딱지 ㅋㅋㅋ	ㅇㅇ	1485032576
은탁이 능력 다시 생긴거면 도깨비랑 문 열고 해외 다닐수 있냐?	ㅇㅇ	1485032576
자살하면 전생기억 없잖아	ㅇㅇ	1485032574
제발 머훈아	ㅇㅇ	1485032570
공유 존나 조타 저 눈빛 ㅋㅋㅋㅋㅋㅋㅋㅋ	ㅇㅇ	1485032564
솔로몬 뭐냐 초롱이 안죽었었냐	ㅇㅇㅇ	1485032563
저 외국인이 모라했어?	ㅇㅇ	1485032562
공유 지금 옷 너무 이쁘다	ㅎㅎ	1485032563
저거 김고은이 시킨 음료 존나맛있어보인다 ㅆㅂ	ㅇㅇ	1485032562
자살이 가장큰 죄라고 했던가??	ㅇㅇ	1485032556
예고에서 써니가 그 차 마시는 장면이 있었지?	ㅇㅇ	1485032555
지옥에서 200년 벌받고 그후에 저승사자 된거라며 왕여는	ㅇㅇ	1485032553
깨비 둘이 어찌된거임 30분정도 못봤는데	ㅇㅇ	1485032541
써니 긷갤 지분봐라ㅋㅋㅋㅋ	ㅇㅇ	1485032540
써니 자살이면 아까 공유 오빠가 본 미래는 뭐임?	ㅇㅇ	1485032536
방금써니 귀신아니냐	ㅇㅇ	1485032536
헐 공유 골덴 정장이냨ㅋㅋㅋㅋ 개멋짐ㅋㅋㅋㅋ	ㅇㅇ	1485032536
김고은 지금 그 남자아이돌 정말 닮았다	ㅇㅇ	1485032535
유성이가 큰일 했다	ㅇㅇ	1485032529
헐 미남귀신 이였어	ㅇㅇ	1485032526
김고은 층진 머리 이쁨?	ㅇㅇ	1485032521
헐 이세영 비율 왜이러냐	ㅇㅇ	1485032520
14  15  16 은 저승이커플이 메인같네	ㅇㅇ	1485032516
써니 죽으려고 하는것 같다	ㅇㅇ	1485032514
써니 자살은 싫은대ㅠㅠ	ㅇㅇ	1485032514
써니는 40대 스타일이 훠얼씬 이쁘다	ㅇㅇ	1485032512
써니 자살한다는 얘긴 왜 자꾸 나오는거야?	ㅇㅇ	1485032509
써니 저승사자 될려고 자살하냐	ㅇㅇ	1485032504
또 귀신본다 ㄷㄷ	ㅇㅇ	1485032504
유인나아픈가?	ㅇㅇ	1485032503
자살각ㄷㄷㄷ	ㅇㅇ	1485032502
걍 초반 배경을 2000년대 초로 하고	ㅇㅇ	1485032500
써니 자살해서 저승이되서 저승이랑 해피엔딩이냐	ㅇㅇ	1485032499
써니 불안해	ㅇㅇ	1485032491
써니 자살해서 저승사자되는거아님?	ㅇㅇ	1485032488
ㄹㅇ 아무리봐도 자살각인데	ㅇㅇ	1485032487
2020년도 곧이라니	ㅇㅇ	1485032485
서니 죽음?	ㅇㅇ	1485032483
그러게 은숙이건 끝까지보고나서 총평이건 비교건해야한다니깐	ㅇㅇ	1485032483
은탁이 눈치있으면	ㅇㅇ	1485032481
캐나다에서 사온거 메이플시럽 아니야?	ㅇㅇ	1485032480
써니 자살하는거야?	ㅇㅇ	1485032484
은탁이 가방 개 예쁨 명품인가??	ㅇㅇ	1485032475
아니 왜ㅜ자살해ㅠㅠㅠㅠ	녕랑단	1485032470
써니 자살하냐ㅠㅠㅠ	ㅇㅇ	1485032470
써니 자살각	ㅇㅇ	1485032469
써니 죽을라그러나	ㅇㅇ	1485032461
무도 노홍철 들어왔으면 하는 사람 나뿐이냐?	ㅇㅇ	1485032457
써니 얼굴만봐도 슬프다 대사도 너무 슬픔	ㅇㅇ	1485032457
미풍아는 딱지가 한몫 할것 같음	ㅇㅇ	1485032454
써니 떠나려나보네	ㅇㅇ	1485032452
아근데 머리 너무 에러다 ㅠㅠ	ㅇㅇ	1485032448
도깨비 초반배경이 2000년대초반 아님??	ㅇㅇ	1485032438
예전 글 보다가.. 여기 도경수 와꾸 왜이리 저평가 하냐 ㄷㄷ	ㅇㅇ	1485032436
야들아 은탁이 늙고 죽음 도깨비만 혼자 남는거 아님?	ㅇㅇ	1485032426
뭐냐 일룸 피피엘 못봄	ㅇㅇ	1485032420
PPL 개쩜	ㅇㅇ	1485032418
캐나다 피피엘이요	ㅇㅇ	1485032413
은탁이 코트  스탈 키 160이 입으면 어떠냐	ㅇㅇ	1485032410
저거도 피피엘?	ㅇㅇ	1485032403
써니 저승이 죽어서 만나나봄	ㅇㅇ	1485032400
미풍이는 신애등장보다 미풍애비 재등장 시킨게 신의한 수 같음..	ㅇㅇ	1485032393
아지금 2027년임?	ㅇㅇ	1485032380
공지)은탁이 귀신 다시 봄	ㅇㅇ	1485032377
라미란 병명뭔데?	ㅇㅇ	1485032377
토레타에 일룸에 서브웨이에ㅋㅋㅋㅋㅋ	ㅇㅇ	1485032373
피피엘디진다....	ㅇㅇ	1485032372
이수 노래는 잘하는거 같다	ㅇㅇ	1485032369
써니 다 정리 하냐 뭐지	ㅇㅇ	1485032370
김고은  얼굴 왤케  빵떡이냐	ㅇㅇ	1485032364
드라마 그림상은 별론데 은탁이 스타일 좋음	ㅇㅇ	1485032362
아까 그 전동침대 114만 1천원이닼ㅋㅋ	ㅇㅇ	1485032361
반장 너무 예뻐	ㅇㅇ	1485032360
톸ㅋㅋ렠ㅋㅋ탘ㅋㅋㅋㅋㅋㅋ	ㅇㅇ	1485032363
토레타는 10년뒤에도 있구나	ㅇㅇ	1485032358
똥 씹은 이라는 표현 진짜 별로	ㅇㅇ	1485032358
태후에서 진구랑 김지원 자동주행키스도 진짜	비형여자	1485032356
13회 이후론 팬서비스 회차인듯	ㅇㅇ	1485032354
이모가족 연기 너무 찰지고 좋아	ㅇㅇ	1485032348
토레타 등판	ㅇㅇ	1485032346
토레타ㅋㅋㅋㅋㅋㅋㅋ	ㅇㅇ	1485032345
은탁이 이제 귀신 못보지 않야?	ㅇㅇ	1485032344
반장진짜 왜나오지	ㅇㅇ	1485032342
이모 귀신이었어???	ㅇㅇ	1485032341
이모가 귀신이라고?	ㅇㅇ	1485032337
유성이 할아버지 닮음ㅋㅋㅋ	ㅇㅇ	1485032334
마귀아줌맠ㅋㅋㅋㅋㅋㅋㅋㅋㅋㅋㅋㅋㅋㅋㅋㅋㅋㅋㅋ	ㅇㅇ	1485032332
친구는 변호사	ㅇㅇ	1485032331
저 이모 진짜 연기 찰져 ㅋㅋㅋㅋㅋㅋㅋㅋㅋㅋ	ㅇㅇ	1485032319
유성이 사이다ㅋㅋㅋ	ㅇㅇ	1485032318
ㅋㅋㅋ유성이 진짜 개똑똑ㅋㅌㅌㅌㅌㅌㅌㅌㅌ	ㅇㅇ	1485032317
역시 어제가 막방이었어야	ㅇㅇ	1485032305
퍄 유성이 사이다	ㅇㅇ	1485032302
라미란 그 쌩쇼를 ㅡㅡ	ㅇㅇ	1485032300
아 귀신이었구나	ㅇㅇ	1485032295
초롱이 집요하네ㅋ 지네 외갓집가서 얻어먹지	00	1485032283
이모가 순영이였네	ㅇㅇ	1485032281
이모 귀신인가?	ㅇㅇ	1485032278
미풍애비 삐짐 ㅋㅋㅋㅋ	ㅇㅇ	1485032274
이모 귀신각	ㅇㅇ	1485032274
이모가 죽이나보다	ㅇㅇ	1485032273
이모만 늙었네	ㅇㅇ	1485032273
길가는 예쁘게 생긴 20대 여자 붙잡고 의사나 변호사 면허증 보여주면서	ㅇㅇ	1485032269
은탁이 착하네 밥도 차려주고	ㅇㅇ	1485032264
이모죽은거아냐	ㅇㅇ	1485032262
이모 귀신 아녀??	ㅇㅇ	1485032261
이모 또 뭐냐	ㅇㅇ	1485032255
이모년 배우 구르미 홍경래닮음	ㅇㅇ	1485032253
미풍애비 개똑똑ㅋㅋㅋㄹㅇ 유진이친구 할머니가 왜 낯선사람	ㅇㅇ	1485032249
미풍 아바지 사이다 ㅋㅋ	ㅇㅇ	1485032249
갑순이 첫째딸 애들 왜저렇게 착해졌냐	ㅇㅇ	1485032249
웬지 막회 화산터지고 김신-은탁 같이 뛰어들어 죽을듯	ㅇㅇ	1485032247
은탁이는 엄마 안 닮고 이모 닮...	ㅇㅇ	1485032246
아무도 그 아무도 안늙었는데 이모만 ㅋㅋㅋㅋㅋㅋㅋ	ㅇㅇ	1485032246
15화 망함	ㅇㅇ	1485032246
이모 시발 아직도 살아있었네 ㅋㅋㅋㅋㅋㅋ	ㅇㅇ	1485032244
ㅅㅂ 지잉 계속 맴돔	ㅇㅇ	1485032240
이모만 늙음 ㅋ ㅋㅋㅋㅋㅋㅋㅋㅋ	ㅇㅇ	1485032238
미풍이 짜증나	ㅇㅇ	1485032237
저런 잡다한 유머넣을 시간에	ㅇㅇ	1485032233
이모시발 존나오랜만	ㅇㅇ	1485032232
이뫀ㅋㅋㅋㅋㅋ꼬라짘ㅋㅋㅋㅋ	ㅇㅇ	1485032228
임수향 개년	ㅇㅇ	1485032222
아 써니 죽었으면 좋겠는데.......	ㅇㅇ	1485032219
은숙인 응복이한테 잘해라	ㅇㅇ	1485032216
미친 난리났엌ㅋㅋㅋㅋㅋ이휘향 가방던지곸ㅋㅋㅋ	ㅇㅇ	1485032215
미풍이 긴장감 쩌네	ㅇㅇ	1485032210
나사 전화번홐ㅋㅋㅋㅋㅋㅋㅋㅋㅋ	ㅇㅇ	1485032202
시간떼우기 너무하네ㅋㅋㅋㅋ	ㅇㅇ	1485032198
저승 빵썰깈ㅋㅋㅋ	ㅇㅇ	1485032198
청자 신애 ㅈㄴ애잔하네	ㅇㅇ	1485032195
이동욱 오늘 왤케 잘생겼냐	ㅇㅇ	1485032196
아니 시발 이런거 하려고 기억을 3초만에 찾은거냐고	ㅇㅇ	1485032186
시간 떼우기	ㅇㅇ	1485032180
도깨비 최대 개그씬 ㅋ그 심각한 상황에서 은탁이 지잉하며 내려가던거ㅋㅋ	ㅇㅇ	1485032178
깨비 노잼ㅡㅜ ㅜ보다껏다	ㅇㅇ	1485032178
근데 일룸 피피엘은 진짜 미친거야 와 저 장면에서	ㅇㅇ	1485032178
전동침대 길이남을 병맛 피피엘이다ㅋㅋㅋㅋㅋㅋㅋㅋㅋ	ㅇㅇ	1485032171
어서와 염력은 처음이짘ㅋㅋ	ㅇㅇ	1485032170
이런 개그로 막회를 채우겟디	ㅇㅇ	1485032167
어서와 염력은 처음이지 ㅋㅋㅋㅋㅋㅋㅋㅋㅋㅋㅋ	ㅇㅇ	1485032167
김은숙은 절대 명드 소리 들을 작품은 못쓰겠나 봄	ㅇㅇ	1485032166
김은숙은 응복이 놔주면 절대 안될듯 ㅋㅋ 도깨비 쩐다하는 부분은 다 응복	ㅇㅇ	1485032163
이 세명씬이 젤조아	ㅇㅇ	1485032162
김선 연기대상감 연기다	ㅇㅇ	1485032162
개유치시밬ㅋㅋ	ㅇㅇ	1485032160
아니 셋이 존나 귀여웤ㅋㅋㅋㅋㅋ	ㅇㅇ	1485032159
미풍이 애비 마지막회에 만나게 해줄 심산이냐	ㅇㅇ	1485032158
시발 막날이라고 피피엘 막 갖다 붙이네	ㅇㅇ	1485032155
나비신이 또 들어온줄 ㅋㅋㅋㅋㅋㅋㅋ	ㅇㅇ	1485032144
미우새에 김건모가 토니맘 만나러 갔을때 나온 여자목소리 노래 제목좀	ㅇㅇ	1485032133
일룸 피피엘 존나 웃겼엌ㅋㅋㅋ	ㅇㅇ	1485032112
이걸로 덕화 기억 찾음?	ㅇㅇ	1485032112
저시계어디꺼냐	ㅇㅇ	1485032110
응 니가 먼저들킴ㅋㅋㅋㅋㅋㅋㅋㅋㅋㅋ	ㅇㅇ	1485032113
자연발화래ㅋㅋㅋㅋㅋㅋ	ㅇㅇ	1485032108
후반 사고를 위핟 피피엘이다 ㅋㅋㅋㅋㅋㅋㅋㅋ	ㅇㅇ	1485032105
미풍 올레 지난주 토요일 이랑 비슷	ㅇㅇ	1485032103
김은숙은 도깨비 저승사자 따로 주연작으로 만들었어야함	ㅇㅇ	1485032102
아이곸ㅋㅋㅋㅋㅋㅋㅋㅋㅌ	ㅇㅇ	1485032101
ppl이야?	ㅇㅇ	1485032099
저승사자는 쉬크한 블랙이지ㅎ	ㅇㅇ	1485032097
김신 뭐입고 있는거냐 ㅋㅋ	ㅇㅇ	1485032096
저승사자는 시크한 블랙ㅋㅋㅋㅋ	ㅇㅇ	1485032095
라미란 존나 별거 아닐듯	ㅇㅇ	1485032093
시계 피피엘?	ㅇㅇ	1485032093
어휴시발 미풍이 또 아빠 못만나겟네 ㅋㅋㅋㅋㅋㅋㅋㅋㅋㅋ	ㅇㅇ	1485032090
침대 피피엘 너무 심했다. 침대 넘어갈때 은탁 표정하며 코믹씬행;;	ㅇㅇ	1485032086
피피엘 시발 작작좀	ㅇㅇ	1485032086
써니 오라비 저리 보내냐ㅋㄱ	ㅇㅇ	1485032084
선이 연기 너무 잘하는 설정아니냐	ㅇㅇ	1485032080
아 시발 저승이 뭐하냨ㅋㅋㅋ	ㅇㅇ	1485032079
메슼ㅋㅋㅋㅋㅋㅋㅋㅋㅋ	ㅇㅇ	1485032080
월계수왜이러냐	ㅇㅇ	1485032077
매슼ㅋㄱㅋㅋ	ㅇㅇ	1485032075
메스 ㅋㅋㅋㅋㅋㅋㅋㅋㅋㅋㅋ	ㅇㅇ	1485032073
저승이 작품보소ㅋㄱㄱㄱㅋㄱ	ㅇㅇ	1485032073
아 도깨비 13회에 새드로 끝났어야	ㅇㅇ	1485032073
도깨비는 써니가 기억하고잇는거 모름?	ㅇㅇ	1485032070
메스ㅋㅋㅋㅋㅋㅋㅋ	ㅇㅇ	1485032068
써니 목소리 동네를 호령하네	ㅇㅇ	1485032058
우리  써니 짠하네	ㅇㅇ	1485032056
차인표 연기 진짜 못한다ㅋㅋㅋ	ㅇㅇ	1485032055
갑순이년 저렇게 맹랑한년이 그동안 반대한다고 쫄았냐?	dd	1485032058
차인표는 진짜 연기 안는다	ㅇㅇ	1485032051
ㅋㅋㅋ저 오누이는 전생에도 지금도 ㅋㅋㅋㅋㅋㅋㅋ	ㅇㅇ	1485032051
뭐 저런식으로 서브커플 해피인거 보여주네	ㅇㅇ	1485032050
미풍이 대본 47회까지 나옴	ㅇㅇ	1485032048
공유 왜 두루마기 입고있음? 잠옷임?ㅋㅋㅋ	ㅇㅇ	1485032043
어찌 이리 성품이 꾸준히ㅋㅋㅋ 동생 디스..	ㅇㅇ	1485032041
은숙이 명불허전	ㅇㅇ	1485032038
지금 유인나존나이쁨	ㅇㅇ	1485032037
라미란 정신병이냐? ㅋㅋㅋㅋㅋㅋㅋㅋㅋㅋㅋㅋㅋㅋㅋㅋㅋㅋㅋㅋㅋㅋㅋㅋㅋ	ㅇㅇ	1485032038
써니 안죽었네	ㅇㅇ	1485032038
라미란 임신일거같은데ㅋㅋㅋㅋㅋㅋㅋㅋㅋㅋㅋ	ㅇㅇ	1485032034
그러고보니 저 넷이 다 가족이되는거냐ㅋㅋㅋㅋ	ㅇㅇ	1485032033
아니 ppl도 쫌 장면 가려가며 해야지 시발ㅋㅋㅋㅋㅋ	ㅇㅇ	1485032033
나 지금 웃어요?ㅋㅋㅋㅋㅋㅋㅋㅋㅋㅋㅋㅋㅋ	ㅇㅇ	1485032032
월계수 라미란 저정도면 자살해야되는거 아니냐 ㅋㅋㅋㅋㅋㅋ	ㅇㅇ	1485032032
헐 도른 방금 유인나 존예였어ㄷㄷ	ㅇㅇ	1485032032
뭐임 복부인됨?	ㅇㅇ	1485032030
써니 연기갑	ㅇㅇ	1485032027
유인나 목소리랑 말투 싸가지 없어서 싫음 . 이쁘긴 한데	ㅇㅇ	1485032032
왕여써니 되게 화려하고 퇴폐적이네	ㅇㅇ	1485032027
태후때도 이러더니 은숙이 종특나왔네	ㅇㅇ	1485032027
도깨비가 미래보잖어	ㅇㅇ	1485032025
써니 매력쩜ㅋㅋㅋㅋㅋ	ㅇㅇ	1485032025
어떻게 남여주는 저렇게 한개도 안 절절하냐. 아이고	ㅇㅇ	1485032024
헐 그길을 간데 ..	ㅇㅇ	1485032020
뭐야	ㅇㅇ	1485032019
오 써니랑 저승이랑 행복한데???	ㅇㅇ	1485032021
오늘보이스11시방송이다 얘들아	ㅇㅇㅇ	1485032018
헐 뭐임 환생?	ㅇㅇ	1485032013
침대 피피엘 존나 깬다 ㅋㅋㅋㅋㅋ	ㅇㅇ	1485032011
환자냐ㅋㅋㅋㅋㅋㅋ 침대 ㅋㅋㅋ	ㅇㅇ	1485032011
여전히 미래를 보는구나	ㅇㅇ	1485032010
????존나 당황스러운 저 미래는 뭐??	ㅇㅇ	1485032009
아 시발 피피엘	ㅇㅇ	1485032007
미풍이 긴장감ㄷㄷ	ㅇㅇ	1485032006
헐 미래냐. 왕여써니ㅜㅜ	ㅇㅇ	1485032007
도깨비 메인이 감정 6정도가 좋을걸 지은탁 10으로 나오니까 왜저래?싶음	ㅇㅇ	1485032003
ㅋㅋㅋㅋㅋㅋㅋㅋㅋㅋ전동침대ppl	ㅇㅇ	1485031999
은탁이 의부증 미저리행ㅋㅋ	ㅇㅇ	1485031999
지 와이프도 못알아보고ㅠㅠ 미풍애비ㅠㅠ	ㅇㅇ	1485031998
피피엘 족터지넼ㅋㅋㅋㅋㅋㅋㅋㅋㅋㅋㅋㅋㅋ	ㅇㅇ	1485032001
은탁이 환자임? 병원용 자동침대 아니냐? ㅋㅋ	ㅇㅇ	1485031997
김고은 정신병 걸렸네	ㅇㅇ	1485031996
침대 ㅅㅂ 졸라	ㅇㅇ	1485031992
에일리 오스트 나왔냐 오늘?	ㅇㅇ	1485031995
침대 피피엘?	ㅇㅇ	1485031990
도깨비 고추 씻고 있을때 소환좀 해라	ㅇㅇ	1485031988
일룸이ㅋㅋ	ㅇㅇ	1485031988
환자냐?ㅋㅋㅋ	ㅇㅇ	1485031986
ppl 분위기다깸ㅋㅋㅋㅋ	ㅇㅇ	1485031985
김고은은 울고 떽떽 귀척밖에 안하냐	ㅇㅇ	1485031985
아 ㅋㅋㅋ 저 와중에 침대 ppl ㅋㅋㅋ	ㅇㅇ	1485031987
아 ㅅㅂ 일룸 침대	ㅇㅇ	1485031984
잘보고있는데 급 지잉--- 미친ㅋㅋㅋㅋㅋ	ㅇㅇ	1485031984
ㅣㄱㅋㅋㅋㅅㅂ일룸ㅋㅋㅋㅋ	ㅇㅇ	1485031983
라미란 그만좀 병원가라고	ㅇㅇ	1485031981
침대 피피엘	ㅇㅇ	1485031981
수지 바르는 CF퀸 설현	ㅇㅇ	1485031984
뭔일이 터지긴하겠다 15끝자락에	ㅇㅇ	1485031983
아 ㅅㅂ 피피엘 보여주려고 눕혔냐 ㅋㅋㅋㅋ	ㅇㅇ	1485031979
갑자기 지지직거리길래 뭔가햇네	ㅇㅇ	1485031979
이제 성인이겠다 걍 같이살지 왜 저러는거냐	ㅇㅇ	1485031974
아이씨이발ㅋㅋㅋㅋㅋㅋ 몰입해서보고있는데 일룸 피피엘ㅋㅋㅋㅋㅋㅋㅋㅋ	ㅇㅇ	1485031976
와 저 감정씬에 피피엘	ㅇㅇ	1485031974
Ppl ㅋㅋㅋㅋㅋㅋㅋㅋ	ㅇㅇ	1485031972
이와중에 침대피피엘 디진닼ㅋㅋㅋㅋㅋㅋ	ㅇㅇ	1485031973
일룸 피피엘까지 알차네 ㅋㅋㅋㅋㅋㅋㅋㅋ	ㅇㅇ	1485031971
저렇게 살다 공유 혼자 남고 김고은 죽을려나	ㅇㅇ	1485031971
ㅅㅂ 뭐냨ㅋㅋㅋㅋㅋㅋㅋ	어도	1485031970
아 일룸 침대 ㅋㅋㅋㅋㅋㅋㅋ졍원인줄	ㅇㅇ	1485031969
지은탁 무로 돌아가	ㅇㅇ	1485031970
ㅋㅋㅋ침대 피피엘ㅋㅋㅋㅋ	ㅇㅇ	1485031968
15화 진짜 별루다 ㅠㅠ	ㅇㅇ	1485031968
일룸 시발ㅋㅋㅋㅋㅋㅋㅋㅋㅋㅋㅋㅋㅋㅋㅋㅋㅋㅋ	ㅇㅇ	1485031972
일룸 씨발 존나 ㅋㅋㅋㅋㅋㅋㅋㅋㅋ	ㅇㅇ	1485031968
은탁이가 죽어야하는 이유.txt	ㅇㅇ	1485031968
병원침대야??	ㅇㅇ	1485031967
일룸 피피엘 ㅋㅋㅌㅋㅋ	ㅇㅇ	1485031967
아 ㅅㅂ 이와중에 침대 피피엘	ㅇㅇ	1485031967
이와중에 피피엘	ㅇㅇ	1485031965
피피엘ㅋㅋㅋㅋㅋㅋㅋㅋㅋㅅㅂ	ㅇㅇ	1485031965
김고은 집착오진다;;ㅈㄴ불편하게	ㅇㅇ	1485031964
ㅅㅂ 피피엘 때문이냨ㅋㅋㅋㅋㅋㅋ	ㅇㅇ	1485031963
광고 씹ㅋㅋㅋ	ㅇㅇ	1485031963
아 피피엘 시발ㅋㅋㅋㅋ	ㅇㅇ	1485031963
은탁이 마음에 병든것같음ㅠㅜ	ㅇㅇ	1485031963
피피엘 ㅋㅋㅋㅋㅋ	ㅇㅇ	1485031963
Pplㅅㅂㅋㅋㅋㅋㅋㅋㅋㅋㅋㅋㅋㅋㅋ	ㅇㅇ	1485031963
이와중애 일룸 피피엘ㅋㅋㅋㅋㅋㅋㅋㅋㅋㅋ	ㅇㅇ	1485031960
아 시발 피피엘ㅋㅋㅋ	ㅇㅇ	1485031959
일룸 피피엘ㅋㅋㅋㄱㄱ	ㅇㅇ	1485031959
ㅅㅂㅋㅋㅋㅋㅋ여기서 터지네	ㅇㅇ	1485031959
시밬ㅋㅋㅋㅋ	ㅇㅇㅇ	1485031958
이와중에 피피엘이냐	ㅇㅇ	1485031959
일룸 피피엘	ㅇㅇ	1485031958
은탁이 계속 약먹어야긋다	ㅇㅇ	1485031957
일룸ㅌㅌㅋㅋㅋㅌ 피피엘ㅋㅋㅋ	ㅇㅇ	1485031955
도깨비랑 상봉하자마자 의부증발동 ㄷㄷㄷㄷ	ㅇㅇ	1485031955
라미란도 저러니까 진짜 또라이같잖아 ㅅㅂㅋㅋㅋㅋㅋ	ㅇㅇ	1485031957
갑자기 미스테리물로 바뀌네 ㅋㅋㅋㅋㅋㅋㅋㅋㅋㅋㅋ	ㅇㅇ	1485031953
씨발 못보겟다 내가 이러려고 이걸봤나	ㅇㅇ	1485031953
공깨비 똥싸고 있었으면 어쩔ㅠㅠ	ㅇㅇ	1485031950
13회로 알차게 끝내면 은숙이 띵작 확정인데	ㅇㅇ	1485031950
월계수 4회 연장 미풍아 3회 연장?	ㅇㅇ	1485031950
월계수 라미란 제발 병원 좀 가봐라	ㅇㅇ	1485031947
갑자기 왜 정신병 도짐	어도	1485031944
은탁이 집착쩌네 ㅋㅋㅋ	ㅇㅇ	1485031942
아 존나 무섭겠다ㅋㅋㅋㅋㅋㅋㅋㅋㅋㅋㅋㅋㅋㅋㅋ	ㅇㅇ	1485031942
지은탁 분리불안이네	ㅇㅇ	1485031941
아니 써니는 어찌된것이냐	ㅇㅇ	1485031940
음탕한 무서운척하면서 배드로 계속부르네	dd	1485031935
고은아  연기연습좀  하자	ㅇㅇ	1485031934
기억찾은거 더나올가능성0?	ㅇㅇ	1485031932
한번쯤은 샤워할 때 소환할 수도 있는거 아니냐	ㅇㅇ	1485031933
도깨비의 신혼일기네 ㅋㅋㅋㅋㅋㅋ	ㅇㅇ	1485031932
뷰티인사이드 그런거냐	ㅇㅇ	1485031932
김고은 연기 보니까 함틋 수지 생각나	ㅇㅇ	1485031931
저럴거면 걍 같이살어 ㅋㅋㅋㅋ	ㅇㅇ	1485031930
은탁이 정신병환자냐;;	ㅇㅇ	1485031929
김고은 스토커같네	ㅇㅇ	1485031926
아시발꿈인줄;;;	ㅇㅇ	1485031926
써니 왜 안 보이냐 걱정 되네	ㅇㅇ	1485031928
뇌종양 아니면  어쩌려고	ㅇㅇ	1485031924
뭐하는거야 둘이 좋다가 있다가 지은탁이 울면서 깨어나길래 진짜 꿈인줄	ㅇㅇ	1485031923
김고은 보니 윤은혜가 그나마 연기를 잘했다는걸 새삼 느낀다	ㅇㅇ	1485031922
잘때 저렇게 다 입고 잔다고??	ㅇㅇ	1485031923
왜 마지막에와서 지은탁 몰빵이냐 김신 쓸거다썼다 이거냐	ㅇㅇ	1485031922
지은탁 집착병걸림	ㅇㅇ	1485031920
성인 은탁이 머리  너무한다	ㅇㅇ	1485031919
연기시발 존나	ㅇㅇ	1485031920
근데 둘이 진짜 안어울린다	ㅇㅇ	1485031918
월계수에서 건달나오는 사람있잖아 조윤희랑 사귀다 헤어진거야 결혼까지 한거	ㅇㅇ	1485031921
아직한편이남앗는듸ㅣ...	ㅇㅇ	1485031916
진짜 개콘 수지 닮앗당	ㅇㅇ	1485031916
은숙이 막판에 또 막쓰네	ㅇㅇ	1485031914
꼴깝을 떨어라	ㅇㅇ	1485031914
아시발꿈인줄ㅋㄱㅋㄱㅋㅋㅋ	ㅇㅇ	1485031911
아연기씹..	ㅇㅇ	1485031911
왜이래	ㅇㅇ	1485031905
정신병걸렸냐	ㅇㅇ	1485031904
하..	ㅇㅇ	1485031903
떡밥 회수 실패네	ㅇㅇ	1485031902
김고은 너무 느끼해	ㅇㅇ	1485031905
김은숙작가 여주에 정말 만족할까? 전화해서 물어보구싶네	ㅇㅇ	1485031901
오예 쌕쓰	ㅇㅇ	1485031899
꿈꿧나부다	ㅇㅇ	1485031899
헐 부럽다 ㅋㅋ 김고은 계탓네	ㅇㅇ	1485031896
도깨비 안늙고 계속 불멸의 삶을 살면 검꽂고 살때랑 똑같지않냐?	ㅇㅇ	1485031893
도깨비 만나고 다시 고3된거냐	ㅇㅇ	1485031893
은탁이가 더 적극적이냐ㅋㅋㅋㅋㅋ	ㅇㅇ	1485031894
시가 태후는 그래도 감정선은 안건드렸다	ㅇㅇ	1485031890
어째 커프2보는 느낌이다	ㅇㅇ	1485031884
지금 이런식으로 1회 더 남은거냐?	ㅇㅇ	1485031881
신하균 부들사	ㅇㅇ	1485031880
뭘 또이불속에 카메라를	비형여자	1485031879
왜이러는것이냐 ㅋㅋㅋㅋㅋㅋ	ㅇㅇ	1485031878
저런거 봐도 설레이지가 않아......	ㅇㅇ	1485031878
아니 써니 연락두절이였는데 안궁금해?	ㅇㅇ	1485031876
시발 이런걸 기억 잘 돌아오게하고 넣으라고 ㅡㅡ	ㅇㅇ	1485031880
어ㅠ 시댕 부러운 것	ㅇㅇ	1485031876
미풍이 간만에 보는데 무슨돈으로 만두집 차렸어?	ㅇㅇ	1485031874
저러다 진짜 애 하나 만들겠네	ㅇㅇ	1485031873
아 존나 유치하네	ㅇㅇ	1485031873
왜이러는것이냨ㅋㅋㅋㅋㅋㅋㅋㅋㅋㅋㅋㅋㅋ	ㅇㅇ	1485031868
너무 알콩달콩하니까 또 불안해 ㅠㅠ	ㅇㅇ	1485031871
ㅋㅋㅋㅋ 지은탁 응큼한덧	ㅇㅇ	1485031867
너 아주 야해가지고	ㅇㅇ	1485031865
아시발 제밝..베드신..	ㅇㅇ	1485031863
근데 케미 진짜 없다	ㅇㅇ	1485031862
은숙아 ㅋㅋㅋㅋ미친 ㅋㅋㅋㅋㅋㅋㅋㅋㅋㅋ	ㅇㅇ	1485031860
샤워할때 불러보지	abc	1485031857
미풍이 할배쓰러지는 전개만 아니었음 좋겠다	ㅇㅇ	1485031857
왜 계속 19세 연기하냐고 씨발 존나 짜증나네	ㅇㅇ	1485031855
어디넄ㅋㅋㅋㅋㅋㅋㅋ	ㅇㅇ	1485031856
똥도 못싸겠다 똥 쌀 때 소환할까봐	ㅇㅇ	1485031854
대장부의 삶 언제 다 읽어 ㅋㅋㅋㅋㅋㅋㅋㅋㅋ	ㅇㅇ	1485031854
은탁이 연기가 왜 고딩때됨?	ㅇㅇ	1485031854
아 미친ㅋㅋㅋㅋㅋㅋㅋㅋㅋㅋㅋㅋㅋㅋㅋ	ㅇㅇ	1485031852
깨비는 화장실 갈까?ㅋㅋㅋ	ㅇㅇ	1485031851
기억과 함께 ㅆㅂ 쩝쩝 찡찡도 돌아옴	ㅇㅇ	1485031850
미풍이 시청률 엄청 떨어지겠다	ㅇㅇ	1485031849
ㅅㅂ 그동안 초 못불어서 어케 살았데	ㅇㅇ	1485031848
역시 은숙이네 서사 개나주고 저런식이지	ㅇㅇ	1485031843
대장부의 삶 도대체 언제 완독함?	ㅇㅇ	1485031843
9년 전에 읽고있던책ㅋㅋㅋㅋㅋㅋ	ㅇㅇ	1485031844
아 ㅅㅂ  은숙아  저딴  유치뽕짝이  달달하더냐	ㅇㅇ	1485031842
은탁이 웨이브 너무 줘서 이상해.	ㅇㅇ	1485031843
공유 코믹 담당 시킬거였으면 그냥 소멸 상태로 두지 저게 뭐냐	ㅇㅇ	1485031838
딱지 애비다줌 ㅋㅋ	ㅇㅇ	1485031838
공유 존나 귀얍다고 ㅠㅠㅠㅠㅠㅠㅠㅠㅠㅠㅠㅠㅠ	ㅇㅇ	1485031835
행복해지는 방법이 담배?ㅋㅋ	ㅇㅇ	1485031835
김고은말투 고딩때로돌아왓네	ㅇㅇ	1485031830
Cctv에 안잡히냐ㅋㅋㅋ	ㅇㅇ	1485031830
집을 오래비우면 곰팡이가 많이생기는데	ㅇㅇ	1485031829
김고은 백상 여우주연상 가능하겠지?	ㅇㅇ	1485031829
대장부의 삶ㅋㅋㅋㅋㅋㅋ	ㅇㅇ	1485031827
깨비가착해	ㅇㅇ	1485031826
공깨비 아까 요리하는 마임ㅋㅋㅋㅋㅋㅋㅋㅋㅋㅋ	ㅇㅇ	1485031824
여긴 도깨비만 달리냐 연실이 남편 출소함	ㅇㅇ	1485031822
ost 누구꺼야ㅡ	녕랑단	1485031820
아 귀여워 ㅋㅋㅋㅋㅋㅋㅋㅋㅋㅋㅋ	ㅇㅇ	1485031820
망자들 사연은 다 슬퍼 ㅠㅠㅠㅠ	ㅇㅇ	1485031817
공유존컼ㅋㅋㅋ	ㅇㅇ	1485031817
은탁아 부럽다 시발 ㅋㅋㅋㅋㅋㅋㅋㅋ	ㅇㅇ	1485031817
뭐해 ㅋㅋㅋㅋ	ㅇㅇ	1485031816
주걱 시발 ㅋㅋㅋㅋㅋ	ㅇㅇ	1485031814
근데 도깨비 다시 되살아나도 불멸의 삶을 사는거냐? 그럼 검꽂힌거랑 똑같	ㅇㅇ	1485031807
요리잼 ㅋㅋㅋㅋㅋㅋㅋㅋㅋㅋ	ㅇㅇ	1485031807
zㅋㅋㅋㅋㅋㅋㅋㅋㅋㅋㅋㅋㅋㅋㅋㅋㅋㅋㅋㅋㅋㅋㅋㅋ	ㅇㅇ	1485031810
김고은 다시 애기말투	ㅇㅇ	1485031806
나비신은 쫀쫀하게 풀자신이 없어서 만든 장치같음	ㅇㅇ	1485031805
공유 너무커여워	ㅇㅇ	1485031806
도깨비못보고있는데 유인나 터졌냐? 실시간 1위네	ㅇㅇ	1485031802
아 공유시발ㅋㅋㅋㅋㅋㅋ	ㅇㅇ	1485031801
김고은은 시크한게 잘어울림	ㅇㅇ	1485031799
담배인줄 ㅋㅋㅋㅋㅋㅋㅋㅋㅋㅋㅋㅋㅋㅋ	ㅇㅇ	1485031799
공깨빜ㅋㅋㅋㅋㅋㅋㅋㅋㅋㅋㅋ	ㅇㅇ	1485031795
이딴거넣을시간에 기억돌아오는 걸 공들였어야지 시발ㅋㅋㅋㅋㅋㅋㅋㅋㅋ	ㅇㅇ	1485031797
그러고보니 써니는 마흔쯤 된거아니냐	ㅇㅇ	1485031792
김고은 무섭게 19살 혀짧은 모지리로 돌아왔네	ㅇㅇ	1485031791
쟤 아프냐?알굴 심하게 부었네	ㅇㅇ	1485031789
인간을 사랑한 저승사자도 재밋을듯 ㅋㅋㅋ	ㅇㅇ	1485031788
김은숙 태후 도깨비 두개만 봤는데 원래 갈수록 뒷심 떨어짐?	ㅇㅇ	1485031784
올레 피크가 20.23 이냐 오늘????!!!	ㅇㅁㄴㅇㅁㅇ	1485031784
웬지 김신이랑 은탁이랑 같이 죽을삘이네 아홉수 마무리	ㅇㅇ	1485031781
아 진짜 클로즈업좀 하지마라 씨발	ㅇㅇ	1485031779
저 단발에 왜때문에 저딴 펌을 한거야????	ㅇㅇ	1485031771
송재정은 개연성은 있으나 로맨스가 약하고 김은숙은 반대고	ㅇㅇ	1485031769
아싸 지은탁이 무로 돌아간다	ㅇㅇ	1485031766
김고은 까는 애들 메갈이지?	ㅇㅇ	1485031765
아니 ㅅㅂ 지은탁 왜 열아홉 말투로 돌아감?	ㅇㅇ	1485031760
아홉수가 있긴있냐?	ㅇㅇ	1485031759
해피엔딩 같진 않다 진짜...	ㅇㅇ	1485031758
신이랑 인간도 자서 자식만듬. 데미갓이라고 함.	ㅇㅇ	1485031753
은탁이 죽어도 김신이랑 잘 살 수 있지않나	ㅇㅇ	1485031749
우리 할아버지 이북에 아내 분 혼자 두고 내려오셨는데	ㅇㅇ	1485031749
나쁜년들아	ㅇ	1485031747
아홉수라 기억난거냐ㄷㄷ	ㅋㅋ	1485031746
기억과 함께 징징 말투까지 돌아옴 ㅜㅜ	ㅇㅇ	1485031746
지은탁 써니 다 죽고 지은탁은 공유가 ㅈㄴ울어서	ㅇㅇ	1485031746
김은숙 글쓰는 스타일 알겠네	ㅇㅇ	1485031744
올레 좀 올려줘	ㅇㅇ	1485031743
메인커플보다 저승이커플이더 절절하고 맴찢ㅜㅜㅜ	ㅇㅇ	1485031743
도깨비 아들 하나 낳고 죽으면 되겠네	ㅇㅇ	1485031742
은탁이 얼른  죽는게맞다	ㅇㅇ	1485031741
죽을 운명이네	ㅇㅇ	1485031740
일본같으면 저승사자 에피로 드라마 한편 더찍음	ㅇㅇ	1485031734
스무살에서 슴아홉은 진짜 변하는것도없는시기인데	ㅇㅇ	1485031735
지은탁이랑 저승이가 메인커플이었어도 재밌었을듯	ㅇㅇ	1485031733
새드각인가	ㅇㅇ	1485031736
명부에 올려서 이제 기타누락자 아니잖아	ㅇㅇ	1485031729
아니 29인데 왜 귀척 쳐 하냐고	ㅇㅇ	1485031728
근데 아까 5년전은 왜 나온거지?	ㅇㅇ	1485031727
ㅅㅂ나 19살인데 개무섭네 ㄷㄷ	킹니갓니	1485031723
검은 왜 꽂고 있었던 거야	ㅇㅇ	1485031724
아홉수 소년 시즌2냐? ㅋㅋㅋㅋㅋㅋㅋㅋㅋㅋㅋㅋㅋㅋ	ㅇㅇ	1485031715
지은탁 죽고 새드로가자 제발	ㅇㅇ	1485031712
지은탁 죽나보네	ㅇㅇ	1485031706
아홉수에 슈퍼도 가지마라 알겠냐 ㅋㅋㅋㅋㅋㅋㅋ	ㅇㅇ	1485031704
그냥 도깨비 혼자살자	ㅇㅇ	1485031701
역시나 죽을운명	ㅇㅇ	1485031694
지은탁 죽냐? 도깨비와 사람 2세 궁금해했더니 도깨비 신부는 귀신된후인듯	ㅇㅇ	1485031694
아홉은 뭐라고?	ㅇㅇ	1485031688
제발 뒤졌으면	ㅇㅇ	1485031684
와 아홉수를 저렇게 푸네	ㅇㅇ	1485031682
아홉수ㅋㅋㅋㅋㅋㅋㅋㅋㅋㅋㅋ	ㅇㅇ	1485031679
저승아 빻탁이 좀 데려가라	ㅇㅇ	1485031680
올레 피크 얼마야?	ㅇㅇ	1485031679
은탁이 죽냐? ㄷㄷ	ㅇㅇ	1485031677
ㅇㅇㅇㅇㅇㅇㅇㅇㅇㅇㅇㅇㅇㅇㅇ써니 죽은 거 아님?	오승아	1485031675
메인을 저렇게 안 애절하게 그릴수 있는거냐? 서브가 훨씬 애절하고	ㅇㅇ	1485031671
기타누락자의 운명 ㄷㄷㄷㄷ	ㅇㅇ	1485031668
29살에 저승사자 만난다더니 만났어 시발	ㅇㅇ	1485031667
은탁이 죽어서 도깨비되냐	ㅇㅇ	1485031666
어제 29살같던 은탁이 어디감ㅠㅠ	ㅇㅇ	1485031666
이동욱 립스틱 광고 하나 찍어라	ㅇㅇ	1485031664
벌써 29인데 왜 귀척인데	ㅇㅇ	1485031664
이뿌고 연기 잘하는 이십대초반 여배우가 이리 없냐..	ㅇㅇ	1485031662
키스씬 매달리는 장면 여배우가	ㅇㅇ	1485031661
29살강조하는게또명부오냐?	ㅇㅇ	1485031647
스물아홉이면 아홉수라고 또 은탁이한테 뭔 일 생기겠네	ㅇㅇ	1485031646
스물아홉인데 저렇게 하냐???	ㅇㅇ	1485031643
아홉수	ㅇㅇ	1485031641
스물아홉 아홉수잖아	ㅇㅇ	1485031638
아니 이동욱 오늘 유독 존나 존잘 아니냐??	ㅇㅇ	1485031638
●[충격] 이재명 두산 게이트 터졌다.jpgㄷㄷㄷㄷㄷㄷㄷㄷㄷㄷㄷㄷㄷㄷㄷㄷ	ㅇㅇ	1485031637
써니가 자살하면	ㅇㅇ	1485031635
어 저말 인간이 저승사자 만나서 좋을게 머가 있다고..	ㅇㅇ	1485031633
29살이 말투가 왜저래	ㅇㅇ	1485031631
이건뭐 15화가 마지막화수준;	ㅇㅇ	1485031632
데려가 저승아 저년좀	ㅇㅇ	1485031632
망자사연 눈물나면 웹툰 죽음에관하여 봐라	ㅇㅇ	1485031629
29라서 뒤져서 도깨비 되나봄 ㅇㅇ	녕랑단	1485031628
저승이가 시청자맘 대변해주네	ㅇㅇ	1485031628
정말 예상치 못한 전개군	ㅇㅇ	1485031627
기억찾았다고 성격이 저렇게 바뀌냐?	ㅇㅇ	1485031620
혀짧은소리좀 제발 안내면 안되냐	ㅇㅇ	1485031620
김고은 너무 안 이쁘당	ㅇㅇ	1485031621
오여기서 이동욱 존잘이네	ㅇㅇ	1485031620
작가조차 자기작품에 놀라고 있네 예상치못한 전개 ㅋㅋ	ㅇㅇ	1485031615
써니 저승이 환생해서 70년만에 만나나봄	ㅇㅇ	1485031614
미풍이 광고도 없이 바로 하네	ㅇㅇ	1485031618
그나저나 이동욱 입술은 진짜 이쁘다	ㅇㅇ	1485031612
고딩때랑 진배없던 ㅋㅋ 사람은 안변한다더니	ㅇㅇ	1485031611
ㅠㅠ 남북	ㅇㅇ	1485031610
저것들이 지금만 커플이고 저승이 불쌍해	ㅇㅇ	1485031603
저런 저승-망자씬 계속 끼여있던건데 전체 서사가 무너지니까	ㅇㅇ	1485031598
기타누락자 ㅋㅋㅋㅋ	ㅇㅇ	1485031595
도깨비와 인간은 섹스하면 이종교배인데 정자난자 수정할수있냐	ㅇㅇ	1485031590
저승이 일할때 존나 좋음	ㅇㅇ	1485031590
주인공얘기보다 이런사연들이 더 공감되고 절절 슬프니	ㅇㅇ	1485031584
망자사연은 하나같이 눈물나냐ㅠ	ㅇㅇ	1485031583
슬프다 ㅠㅠ	ㅇㅇ	1485031579
김은숙은 김은숙이다	ㅇㅇ	1485031579
북괴비네	ㅇㅇ	1485031578
할아버지도 차 안마시고 기다린거?	ㅇㅇ	1485031578
할매할배로 바뀌고 눈물 터졌다	ㅇㅇ	1485031576
은숙이 사후세계 너무 심취했네ㅋㅋ	ㅇㅇ	1485031575
은숙아 메인 감정선이 단역배우들 휴전선 감정선보다 못하면 어쩌냐?	ㅇㅇ	1485031574
저승이 맘씨 착한거 봐 ㅠㅠ망각의 차 안 줌	ㅇㅇ	1485031574
뭐냐 슬프다ㅠㅠㅠㅠㅠㅠㅠㅠㅠㅠ	ㅇㅇ	1485031574
아까 그 할매 서프라이즈에 자주 나오던 할매라	ㅇㅇ	1485031569
써니랑 저승이 재회각 아니야?	ㅇㅇ	1485031573
아 저 잠깐 나오는 단역들도 감정선 서사가 있는데	ㅇㅇ	1485031569
625때 헤어지고 서로 못 잊어서 둘 다 혼자 늙은 부부들 있을까?	ㅇㅇ	1485031567
아 응복이 연출 쩌네..	ㅇㅇ	1485031566
아 너무 슬프다	ㅇㅇ	1485031564
은숙이 메인커플은 코믹만 주고 그외는 다애절 슬픔	ㅇㅇ	1485031561
연출 ㄷㄷㄷㄷㄷ	ㅇㅇ	1485031560
진짜 죽어서 저런거 있으면 좋겠다ㅠㅠ	ㅇㅇ	1485031560
눈물이 터지려는 참이었는데	ㅇㅇ	1485031558
아직 따뜻한대	ㅇㅇ	1485031557
미풍 시작	ㅇㅇ	1485031557
써니가 자살하면 가장 큰 죄를 짓는거기 때문에 저승이로 환생해서 재회 가	ㄷㅋ	1485031550
지금 저 여자가 김고은보다 훨 낫다	ㅇㅇ	1485031547
근데 갭이랑 차이랑 같은 뜻인데 왜 갭차이라고	ㅇㅇ	1485031539
저 여자가 더 연기잘해	ㅇㅇ	1485031539
슬프다기 보다  뜬금없네	ㅇㅇ	1485031537
아ㅋㄱㅋ야갤 너무웃겨ㅋㄱㄱㄱ둘다북괸데 왜 못만났냐고	ㅇㅇ	1485031536
여배우 표정 연기 좋네	ㅇㅇ	1485031536
저 짧은 망자들 에피가 시바 존나 슬프다 ㅠㅠㅠㅠㅠ	ㅇㅇ	1485031538
노부부 ㅠㅠ	ㅇㅇ	1485031534
ㅆㅂ눈에서 눈물나온다ㅠㅠ	ㅇㅇ	1485031534
슬프다 ㅠㅠ	ㅇㅇ	1485031530
저 얘기는 갑자기 왜 나오는거임	어도	1485031530
잠깐 나오는 단역에 더 몰입하는 긷줌ㅋㅋ	ㅇㅇ	1485031531
도깨비가 은탁이 할매일때 오지 그게 더 슬펐을듯	ㅇㅇ	1485031530
오늘 도깨비중 제일 슬퍼 ㅅㅂ ㅠㅠ	ㅇㅇ	1485031528
써니 자살하고 자살한 죄로 저승사자 되나?	ㅇㅇ	1485031531
미풍이한다	ㅇㅇ	1485031526
●[충격] 이재명 두산 게이트 터졌다.jpgㄷㄷㄷㄷㄷㄷㄷㄷㄷㄷㄷㄷㄷㄷㄷㄷ	ㅇㅇ	1485031525
이게 더슬프닼ㅋㅋㅋㅋㅋㅋ	ㅇㅇ	1485031523
장풍꼬마 할머니는 아닌건가?	ㅇㅇ	1485031523
유인나자살이면 같이 저승사자하는 엔딩인가	ㅇㅇ	1485031519
단역도 울면서 대사치는거 저렇게 잘하네 ㅠㅠㅠ	ㅇㅇ	1485031510
비가 부릅니다 떨리는 니 몸 안에 돌고 있는 나의 매직스틱(MAGIC S	ㅇㅇ	1485031505
저게 젤 슬프다 ㅠㅠ	ㅇㅇ	1485031502
왜 뜬금 인민군 재회냐? 떡밥있냐? ㅋㅋㅋㅋㅋㅋㅋㅋ	ㅇㅇ	1485031500
ㅠㅠㅠㅠㅠㅠㅠ	ㅇㅇ	1485031499
장풍꼬마는	ㅇㅇ	1485031499
자살하면 저승이 되자나	ㅇㅇ	1485031496
●[충격] 이재명 두산 게이트 터졌다.jpgㄷㄷㄷㄷㄷㄷㄷㄷㄷㄷㄷㄷㄷㄷㄷㄷ	ㅇㅇ	1485031496
저삔 이쁘네	ㅇㅇ	1485031495
얘네가 김고은보다 연기잘한다	ㅇㅇ	1485031494
아 지금 장면 좋다 ㅇㅇ	ㅇㅇ	1485031491
헐..뭔데 넘 슬프다	ㅇㅇ	1485031492
저남자배우 누구냐	ㅇㅇ	1485031492
야갤러들 ㅋㅋㅋ 북괴비래 ㅋㅋㅋ	ㅇㅇ	1485031490
유인나 저승이랑 만나는 최후의수단으로 자살하는거아니지??	ㅇㅇ	1485031489
확실히 퀘백씬은 먼저 다 찍어놓은거라 존나 붕 뜬다	ㅇㅇ	1485031490
73년 만에ㅠㅠ도깨비내외보다 더 불쌍해	ㅇㅇ	1485031489
이 부부가 더 애절하다 ㅅㅂㅋㅋㅋㅋㅋㅋㅋㅋ	ㅇㅇ	1485031487
와씨 둘다 존잘존예 아님?	ㅇㅇ	1485031486
으. 수출은모하긋다	ㅇㅇ	1485031485
ㅠㅠ 전에 강아지 마중나온거 생각나네	ㅇㅇ	1485031486
깨비 이해해줘야지.. 900년 넘게 동정으로 살았으면 ㅠ	ㅇㅇ	1485031483
난 저런거 좋더라 애절	ㅇㅇ	1485031483
누구얘기야??	ㅇㅇ	1485031482
태후커플은 텐트안에서 뽀뽀도 못하게 하더니 은숙이	ㅇㅇ	1485031481
휴전선ㅠㅠㅠㅠㅠㅠㅠ	ㅇㅇ	1485031480
ㅁㅊ 개슬퍼	ㅇㅇ	1485031478
종소리 듣고 써니인 줄 알고 심장 철렁함.	ㅇㅇ	1485031478
아 너무 슬퍼 지금 노부부	ㅇㅇ	1485031472
ㅠㅠㅠㅠㅠㅠ ㅠㅠㅠㅠㅠㅠㅠ 미친듯이 눈물난다	ㅇㅇ	1485031470
야 ㅆㅂ 눈물난다 ㅠㅠㅠㅠㅠㅠㅠㅠㅠㅠㄹㅇ ㅠㅠㅠㅠㅠ	ㅇㅇ	1485031471
공유 좋겠네 어린고으니랑ㅋ	ㅇㅇ	1485031470
사연팔이들어갔네 은숙이	ㅇㅇ	1485031465
헐 써니 자살한다고....	ㅇㅇ	1485031458
이런씬은 되게좋은데 ㄷㄷ	1234	1485031462
ㅆㅂ보이스 보고싶어	ㅇㅇ	1485031455
헐 이건 슬프다	ㅇㅇ	1485031452
헐 ㅠㅠㅠㅠ	ㅇㅇ	1485031446
허류ㅠ	ㅇㅇ	1485031444
김고은 머리 진심 누가 짤라놨냐 ㅅㅂㅋㅋㅋ	ㅇㅇ	1485031444
인밈군 잘생	ㅇㅇ	1485031442
ㅠㅠㅠㅠㅠㅠㅠㅠㅠ 군복입구있어ㅜㅜㅜㅜㅜㅜㅜㅜ	ㅇㅇ	1485031441
헐 뭐야 전쟁 때 헤어졌던 부부인가	ㅇㅇ	1485031440
이산가족인가봐	ㅇㅇ	1485031436
시발련들아 김신 두시간 뒤면 보내줘야 해	ㅇㅇ	1485031436
헐 뭐야?	ㅇㅇ	1485031435
드라마가 뭐 이리 툭툭 끊겨	어도	1485031435
허류ㅠㅠㅠ 인민군이었나봐 ㅠㅠㅠㅠㅠ	ㅇㅇ	1485031434
이산가족인가ㅠㅠㅠㅠ	녕랑단	1485031433
이런 연출 좋다	ㅇㅇ	1485031433
써니자살한거아니냐ㅜㅡㄴ불안하게	ㅇㅇ	1485031431
헐 먼저간 남편이 마중나왔어	ㅇㅇ	1485031431
할머니 얘기 뭐야 슬프게ㅠㅠㅠㅠ	ㅇㅇ	1485031430
뭐야... ㅠ 왜 저렇게 찍어...	ㅇㅇ	1485031430
인민군?	ㅇㅇ	1485031429
헐ㅜㅜ	ㅇㅇ	1485031428
장풍꼬마 할머니아님?	ㅇㅇ	1485031421
댓글서 정병 거리는거 무슨 뜻이야?	ㅇㅇ	1485031419
헐 할배 마중 ㅠㅠㅠㅠㅠㅠㅠㅠㅠㅠㅠㅠㅠㅠㅠ	ㅇㅇ	1485031423
너무 재미있어서 시간이 지나가는게 아까워	ㄹ	1485031415
아 러브씬은 못보겠더라 진짜	ㅇㅇ	1485031414
신탁 존좋 ㅠㅠㅠㅠㅠ	ㅇㅇ	1485031407
공유 이제 후다라 능력 상실	ㅇㅇ	1485031408
나는 공유 옷발을 보려고 드라마를 보고 있는가	ㅇㅇ	1485031407
지은탁 다시 19세 연기 하는데????	ㅇㅇ	1485031406
배드씬은없네 다행이다 휴	ㅇㅇ	1485031404
나 공유 김고은 망붕될거같아	ㅇㅇ	1485031404
태후는 그래도 감정선가지고 장난치진않았는데	ㅇㅇ	1485031400
고은이 14화는 이쁘더니 다시 못생겨졌냐	ㅇㅇ	1485031395
이종교배 씨발 미쳤나 진짜	ㅇㅇ	1485031392
김신 이승 나이로 39살에 19살 은탁이 만난거면	ㅇㅇ	1485031385
써니 죽을듯	ㅇㅇ	1485031386
장모사랑은 고스톱	ㅇㅇ	1485031384
최종화하네 오늘	ㅇㅇ	1485031383
가족이랑있으니 그냥 나오지말자	ㅇㅇ	1485031383
써니자살각	ㅇㅇ	1485031383
김고은 슬픈 연기가 더 안정적이다	ㅇㅇ	1485031382
보이스 다시 시간 당겨라 ㅅㅂ	ㅇㅇ	1485031383
신하균 어뜨켘ㅋㅋㅋㅋㅋㅋㅋㅋ	ㅇㅇ	1485031382
왜 침대씬 안나오냐	ㅇㅇ	1485031378
써니가 기억하고있는건 잘 풀고선 여주 기억찾는건 딱히 이유없음	ㅇㅇ	1485031376
어휴어지간히키스하지	ㅇㅇ	1485031376
김고은 머리 추노 성동일같다	ㅇㅇ	1485031375
김은숙 쓸 내용 없나보나	ㅇㅇ	1485031374
마흔살 써니 고독사	ㅇㅇ	1485031374
공유 극한직업	ㅇㅇ	1485031371
응복아 왜? 왜? 왜?	ㅇㅇ	1485031368
키스씬 이상해 하나도 안설렘	ㅇㅇ	1485031366
도깨비 꼬추는 도깨비 방망이 ㅋㅋㅋㅋㅋ	ㄷㅋ	1485031366
김고은 부럽다ㅠ	ㅇㅇ	1485031362
공유 마흔 가까인데 근력좋다	비형여자	1485031358
키잡 ㅁㅊㅋㅋㅋㅋㅋㅋ	ㅇㅇ	1485031356
도깨비 더 할 얘기도 없어보임	ㅇㅇ	1485031356
그럼 2회내내 꽁냥꽁냥만 하다 끝나는거냐	ㅁㅁ	1485031354
그럼 공유는 계속 도깨비 인건가? 늙지도 않고 저렇게 신인채로 계속	ㅇㅇ	1485031356
시발 써니 개불안ㅋㅋㅋㅋㅋㅋㅋㅋㅋㅋㅋㅋㅋㅋㅋㅋ	ㅇㅇ	1485031354
저렇게 올라타는거 커프에도 나오는데 그때가 더야해	ㅇㅇ	1485031352
유재석 큰그림 오늘 공유가 저 코트 입을 줄 알고 미리 입음 ㅋㅋㅋ	ㅇㅇ	1485031351
헤븐이 노래제목인데 헤븐 갔나보네 ㅋㅋㅋ	ㅇㅇ	1485031350
아 존나 몰입안되네	ㅇㅇ	1485031350
공유 또 장인스킬나오네	ㅇㅇ	1485031348
채널 돌림 존나 감정선 존나 개망	ㅇㅇ	1485031346
김고은 공유찾았다고 다시 어리광이야? 귀척쩌네	ㅇㅇ	1485031345
뭐야 짤랐어	ㅇㅇ	1485031344
뭐야? 왜 안보여줘?	ㅇㅇ	1485031343
커프 생각난다	ㅇㅇ	1485031343
아놔 진짜 왜케 안어울려 ㅋㅋㅋ 어색해	ㅇㅇ	1485031343
뭐냐ㅑ 섹스 끝난거냐	ㅇㅇ	1485031343
엄빠랑 안보길 잘함	ㅇㅇ	1485031346
부럽다 ㄴ나도 도깨비 신부시켜줘	ㅇㅇ	1485031341
키스를 몇번하냐	ㅇㅇ	1485031341
단관하던 중허니 화들짝..	ㅇㅇ	1485031340
깨비 900년동안 참았던거 한 푸네 ㅋㅋㅋ 첫사랑이 은탁이면 대마법사아니	ㅇㅇ	1485031340
뭐여 ㅋㅋㅋ 11금 이냐	ㅇㅇ	1485031338
태후도 베드씬 좀 넣어주지 은숙아 ㅡㅡ	ㅇㅇ	1485031339
이종교배 미친드립ㅋㅋㅋㅋㅋㅋㅋㅋ	ㅇㅇ	1485031338
공깨비 정자도 불멸일까	ㅇㅇ	1485031338
은숙이가 공유 커프 베드신봤네ㅋㅋㅋㅋㅋㅋㅋㅋㅋㅋ	ㅇㅇ	1485031337
응복이 찍고싶은거다찍어라	ㅇㅇ	1485031336
나 가족이랑 밥먹으면서 보는데	ㅇㅇ	1485031336
눈에 아이라인 번지겠다 어휴	ㅇㅇ	1485031336
하나도 안설레 ㅋㅋㅋ	ㅇㅇ	1485031335
다행이다 짧았다	ㅇㅇ	1485031335
13 회 종영파 손 좀 시발 어유	ㅇㅇ	1485031335
개연성은 후달리니 강 섹스씬	ㅇㅇ	1485031333
아 안설레서 괴로워	ㅇㅇ	1485031332
어우시발ㅋㅋㅋㅋㅋㅋㅋㅋㅋㅋㅋㅋㅋ	ㅇㅇ	1485031332
진짜진짜여주가ㅠㅠ	ㅇㅇ	1485031330
넘어갔다고 안심하던 긷줌들 애도염 ㅠㅠ	ㅇㅇ	1485031327
김고은 좋겠다 ㅅㅂ	ㅇㅇ	1485031328
코트를 몇벌을 가져간거냐	ㅇㅇ	1485031328
섹스하고 찬란하신 도깨비	ㅇㅇ	1485031325
공유 장인정신 나오네ㅋ	ㅇㅇ	1485031325
아시발 엄마랑본다고 할머니도있어ㅜㅜㅜㅜ	ㅇㅇ	1485031325
은숙이 오늘 그동안 못한거 다 한닼ㅋㅋㅋㅋㅋㅋㅋㅋㅋㅋㅋㅋ	ㅇㅇ	1485031323
공유 좆같겠다	ㅇㅇ	1485031324
키스씬도 보기 시러짐 ㅋㅋㅋㅋㅋㅋㅋㅋ	ㅇㅇ	1485031327
판타지래도 나름의 설정이 있는거 아니냐?	ㅇㅇ	1485031327
도깨비만 안 늙는것도 벌 아니냐?	ㅇㅇ	1485031323
오늘 키스신 몇번이나 나올까	ㅇㅇ	1485031323
아이고야 공키스장인 환장하겄네	오승아	1485031324
남동생이랑 보는데 ㅅㅂ ㅡㅡ	ㅇㅇ	1485031321
공유형 힘내세요	ㅇㅇ	1485031321
13회 새드엔딩으로 끝내지. 재미없다	ㅇㅇ	1485031319
커프 베드신이랑 구도 비슷한데 참 느낌이 다르다	ㅇㅇ	1485031319
김고은 옷 예쁘다	ㅇㅇ	1485031319
제발 아저씨호칭 바꾸면안되냐	ㅇㅇ	1485031318
공유 계속 벌받는거래ㅋㅋㅋㅋㅋㅋㅋㅋㅋㅋㅋㅋ	ㅇㅇ	1485031322
도깨비 정기 빨아먹네	ㅇㅇ	1485031318
야 요씬각이다 긴장해랔ㅋㅋㅋ 가족들하고 보는애들ㅋㅋㅋ	ㅇㅇ	1485031317
커프 생각난다	ㅇㅇ	1485031317
이종교배래 ㅁㅊ	ㅇㅇ	1485031316
속보 공유 벌받는중	ㅇㅇ	1485031316
커피프린스 생각난다	ㅇㅇ	1485031316
은숙내 존나넘치네ㅋㅋㅋ	ㅇㅇ	1485031315
도깨비랑 쎅스 됩닊ㆍ	ㅇㅇ	1485031313
서브 서사까지를 최종 엔딩으로 생각할게	ㅇㅇ	1485031310
아 제발 그만해	ㅇㅇ	1485031310
진짜 키잡타임 ㅗㅜㅑ	ㅇㅇ	1485031310
아니 뭐냐고ㅋㅋㅋ 설레지가않자나ㅋㅋ	ㅇㅇ	1485031310
시벌탱	ㅇㅇ	1485031309
씨밸ㅋㄱㅋㄱㅋㄱㅋㅋㅋㅋㅋㅋㅋㅋㅋ	ㅇㅇ	1485031309
시발........아시발..........공유 불쌍해	ㅇㅇ	1485031309
잘껀가봐 ㅋ	ㅇㅇ	1485031307
방금 뭐 먹은거같았는데	ㅇㅇ	1485031308
공유 매번 저런식으로 키스하는구나	비형여자	1485031307
김고은 고딩연기라 일부러 말투 그리 연기하는줄 착각했었다	ㅇㅇ	1485031307
저건 연인이 아니고 부부느낌이지ㅋㅋㅋㅋ	ㅇㅇ	1485031306
메인커플인데 전혀 공감이 안됨	ㅇㅇ	1485031305
섹스하냐	어도	1485031303
공유 저코트 입고 베드신인데 ㅋㅋㅋ	ㅇㅇ	1485031301
히익	ㅇㅇ	1485031300
깹 저 코트 아까 유재석꺼랑 똑같음??	ㅇㅇ	1485031300
작작좀 재미도없고 더러우니	ㅇㅇ	1485031299
도깨비 인간됐음 좋겠다 같이 늙어가고 같이 죽고	ㅇㅇ	1485031299
이종교배미쳨ㅋㅋㅋㅋㅋㅋㅋㅋㅋㅋ	ㅇㅇ	1485031299
ㅅㅂㅅㅂㅅㅂㅅㅂㅅㅂㅅㅂㅅㅂㅅㅂㅅㅂㅅㅂㅅㅂㅅㅂ	ㅇㅇ	1485031297
입갤 ㄹㄹㅆ	ㅇㅇ	1485031296
아시발 베드씬각이네	ㅇㅇ	1485031296
14화부터 시즌2같음	ㅇㅇ	1485031295
아 베드씬각	ㅇㅇ	1485031295
유재석 코트인가?비슷해보임ㅎ	ㅇㅇ	1485031295
어우 ㅆㅂ	ㅇㅇ	1485031294
베드신입갤각ㅋㅋㅋㅋㅋㅋㅋㅋ	ㅇㅇ	1485031294
드라마 초엔 고딩이니까 이해한다	ㅇㅇ	1485031291
그냥 다른작가의 소재의 은숙내끼얹은거같네ㅋㅋ	ㅇㅇ	1485031290
아니 기억 찾았다고 고딩 목소리로 회귀는 아니지 않냐	ㅇㅇ	1485031290
시발 도깨비 왜 이리 된거냐ㅠㅠㅜㅠ	ㅇㅇ	1485031289
그냥 애한테 나비신 들어와서 김고은 푸념듣고 기억돌려주는게	ㅇㅇ	1485031289
어제 베드씬 옷 아니냐	ㅇㅇ	1485031288
쟤네 왜이리 달달한지 이해가 안된다	ㅇㅇ	1485031285
에어 캐나다 피피엘이었냐 ㅋㅋㅋ	ㅇㅇ	1485031285
도깨비 여주 비주얼만 까지마라 공유도 못생겼어	ㅇㅇ	1485031284
갑자기 혀짧아지냐	ㅇㅇ	1485031284
천사는 따로있짘ㅋㅋㅋㅋㅋ	ㅇㅇ	1485031283
얘들아 아직 1.5회 남아있다 기다려봐	ㅇㅇ	1485031283
좆확식	ㅇㅇ	1485031281
아 너무 허무하다 ;;;;;;;;;;	ㅇㅇ	1485031280
아니 공유시빌 설레는연기존나잘하네	ㅇㅇ	1485031278
이거 신이 이래라저래라하면 기억하고	ㅇㅇ	1485031277
도깨비 급 같잖아지네	ㅇㅇ	1485031274
어 아까 유재석이 입은 코트 아니냐??	ㅇㅇ	1485031274
지은탁의  시간은   거꾸로  간다	ㅇㅇ	1485031272
누가 어제 기억 찾으면 애교말투도 돌아올꺼라며	ㅇㅇ	1485031268
여권 문 열고 가서 가져와라 도깨비 귀차니즘이 사랑보다 큰듯	ㅇㅇ	1485031268
ㅁ예고에 나온 눕히는씬 어디갔어?	ㅇㅇ	1485031267
도깨비 더 할 얘기도 없는거 같은데ㅋㅋㅋㅋㅋ	ㅇㅇ	1485031264
천년의 저주니 뭐니 존나 거창한 거처럼 써먹더닠 ㅋㅋㅋㅋㅋ	ㅇㅇ	1485031258
도깨비 메인커플은 서사가 부족해서 그런가	애미다~	1485031256
아..씨발ㅋㅋㅋㅋㅋㅋ	ㅇㅇ	1485031251
지은탁 고딩시절 귀척도 돌아왔네	ㅇㅇ	1485031251
김고은은 느끼하기까지 하네	ㅇㅇ	1485031253
조선드라마는 법적으로 12화로 제한해야함;;;;	ㅇㅇ	1485031249
도깨비 이름 모를 작가가 썼으면	ㅇㅇ	1485031248
ㅋㅋㅋ진짜 저 이상한 말투도 같이돌아옴ㅋㅋ	ㅇㅇ	1485031245
쟤네 잔 거냐	ㅇㅇ	1485031245
김고은 나이에 맞는 연기 잘 한다더니 ㅂㅋㅋ	ㅇㅇ	1485031243
김고은 공유랑 대사 칠때는 또 귀척에 혀짧은 소리	ㅇㅇ	1485031242
이종교뱈ㅋㅋㅋㅋㅋㅋ미친놈들아 시발	ㅇㅇ	1485031241
키스신 공유가 삭제요청했냐????	ㅇㅇ	1485031237
나이먹었는데도 왜 좆고딩 귀여운척이야	ㅇㅇ	1485031237
누군 9년간 기억하고 누군 급기억하고	ㅇㅇ	1485031236
선녀 술먹으면 안되는데	ㅇㅇ	1485031234
김은숙 설사병 났냐	ㅇㅇ	1485031231
실내신은 요즘  찍은거지?	ㅇㅇ	1485031230
음악이라도 틀어라 하다못해 무도라도 ㅋㅋ	ㅇㅇ	1485031224
기억찾으니까 귀척말투도 다시 찾아옴	ㅇㅇ	1485031222
그럼 결국 김신은 혼자 늙지도 않고 도깨비기술도 있냐	ㅇㅇ	1485031218
아빠왔다	ㅇㅇ	1485031218
결국 미성년자 키워서 잡아먹네ㅋㅋㅋㅋㄱㅋ	ㅇㅇ	1485031218
어우 다행이다 베드신넘어갔네	ㅇㅇ	1485031216
퀘백이랑 왔다갔다 편집팀 헷갈렸겠다	ㅇㅇ	1485031215
도깨비 지금 상황정리.txt	ㅇㅇ	1485031214
아니 저런씬이 왜케 안달달해보이냐고 ㅠㅠ	ㅇㅇ	1485031213
기억찾은과정이 꽁이라 별로 애틋해보이지도않네	ㅇㅇ	1485031212
ㅅㅂ 나 가족이랑 밥먹는데 베드씬 타이밍이라고	ㅇㅇ	1485031210
긷줌들이 좋아하는 도깨비 섹스신 준비중 이종교배 티비로 나오겠다	ㅇㅇ	1485031211
긷줌의 기대가 증발했다	ㅇㅇ	1485031205
사고남아있어서 기억찾는거 후딱치운느낌	ㅇㅇ	1485031203
오 다행 ㅠㅠㅠㅠㅋㅋㅋ시발ㅋㅋㅋㅋ	ㅇㅇ	1485031202
도깨비소환부터 은탁기억 설정 별로야 ㅠ	ㅇㅇ	1485031202
나두 건물주 되고 싶어	ㅇㅇ	1485031203
뭐야 왜 안자 ㅡ ㅡ	ㅇㅇ	1485031200
오 다행	ㅇㅇ	1485031198
은탁이는 늙어가고 김신은 그대로 영원히 살면 이거 벌아니냐	ㅇㅇ	1485031198
김신 39살이었냐	ㅇㅇ	1485031197
도깨비 오늘 잼?	ㅇㅇ	1485031195
지은탁 저 부러운 년	ㅇㅇ	1485031193
남여 주인공이 나오는 장면이 어찌 젤 노잼이냐	ㅇㅇ	1485031192
뽕 쳐졌다 빻탁아 ㅋㅋㅋㅋㅋㅋ	ㅇㅇ	1485031189
도깨비 거품 ㅈㄴ심함	ㅇㅇ	1485031188
태후가더개연성있네	ㅇㅇ	1485031189
내 엔딩은 13회였다	ㅇㅇ	1485031188
베드씬 입갤전인가? ㄷㄷ	ㅇㅇ	1485031187
화랑은 이영 위대함 증명하고	ㅇㅇ	1485031186
김은숙 역시나 ㅋㅋㅋㅋㅋㅋ	ㅇㅇ	1485031186
공유 짜요!!!	ㅇㅇ	1485031185
누가 러브씬 써달랬냐 ㅋㅋㅋㅌ	ㅇㅇ	1485031185
저승이네가 궁금하다	ㅇㅇ	1485031184
키잡타임 ㅗㅜㅑ	ㅇㅇ	1485031182
도깨비 몰아보려고 준비중인 긷줌들한테 당부의 한마디.txt	ㅇㅇ	1485031181
뭐이렇게쉽냐 천년의갈등도 기냥풀려버리고	ㅇㅇ	1485031178
지금 이 시간! 햄버거 vs 치킨	ㅇㅇ	1485031177
공유 가혹하다 신진짜	ㅇㅇ	1485031176
우 어색해 슘막혀 ㅋㅋㅋㅌㅌㅌㅌㅌㅌㅋㅋㅋㅋㅋ	ㅇㅇ	1485031175
공유 극한 직업ㅋㅋㅋㅋㅋㅋ	ㅇㅇ	1485031174
김은숙찬양하고 박지은깐거 취소한다	ㅇㅇ	1485031173
도깨비 김신이 인간으로 돌아오는 게 나을 뻔 했다	ㅇㅇ	1485031172
베드신 입갤각이냐 ㅋㅋㅋㅋㅋㅋㅋ	ㅇㅇ	1485031171
맥주 벡스냐?	ㅇㅇ	1485031169
벌받네 ㅋㅋㅋㅋㅋㅋㅋ	녕랑단	1485031169
ㅈ댔다 예고보니까 오늘 침대에서 둘이뒹굴던데	ㅇㅇ	1485031168
러브씬이다 옛다 먹어라	ㅇㅇ	1485031169
도깨비는 인간이 아닌데 결혼 가능해?	ㅇㅇ	1485031168
매회 80분넘게 쓰지말고 60분으로 깔끔하게 끝내지	ㅇㅇ	1485031171
도깨비 막판에 저럴줄 알았다 저게 뭐야 개노잼	ㅇㅇ	1485031163
탁이지금여에스더닮았다ㅋㅋ	ㅇㅇ	1485031164
기억 어떻게 돌아온거야??	ㅇㅇ	1485031164
아저씨라 하는게 좀	ㅇㅇ	1485031163
아니 김고은 다시 19세 연기 하네	ㅇㅇ	1485031162
야 민망한 장면 나올 각이냐???	ㅇㅇ	1485031159
이아바 띵작	ㅇㅇ	1485031156
야 은탁이 알바했던것도기억못하냐?	ㅇㅇ	1485031155
쩝쩝쩝	ㅇㅇ	1485031155
깨비 39세였냐 미차	ㅇㅇ	1485031153
은숙이 아저씨 호칭만 피드백 할거냐?	ㅇㅇ	1485031152
읍읍각이라 ㅈㄴ 애매하다	ㅇㅇ	1485031152
16부작도 길다 길어	ㅇㅇ	1485031152
공깨비 정자는 제기능 가능하냐	ㅇㅇ	1485031147
저 설마 은탁이 사고난다는 거 스텝이 푼 스포야?	ㅇㅇ	1485031146
점점 볼수록 13회 자체종영각인데	ㅇㅇ	1485031144
몇분째 노잼	ㅇㅇ	1485031144
15회부터  공깨비  진짜  벌  받네	ㅇㅇ	1485031141
김은숙은 항상 마무리가 아쉽더라	ㅇㅇ	1485031141
10년뒤면 동갑이랑 소리는 깨비가 39에 죽었다는 소린가..	ㅇㅇ	1485031140
이러고 키스던져주면 좋아할줄아나 ㅋㅋㅋㅋㅋㅋㅋㅋㅋㅋㅋㅋㅋㅋㅋㅋㅋ	ㅇㅇ	1485031139
도깨비 안늙고 안죽어?	ㅇㅇ	1485031138
은숙아ㅜㅠㅠㅠㅠ 잘나가다 왜그러니	ㅇㅇ	1485031138
이제 은탁이 사고나서 둘이 이조녁 만나서 저승에서 데리고올듯	ㅇㅇ	1485031136
13회를 마지막회로 생각해야겠다	ㅇㅇ	1485031135
아 ㅅㅂ 존나 허무해	ㅇㅇ	1485031131
아 급지루해짐	ㅇㅇ	1485031127
베드신이냐. 암튼 오늘 참 별로나.	ㅇㅇ	1485031124
아니 공유는 늙는거야 머야 어떻게 되는거야	ㅇㅇ	1485031124
김고은은	ㅇㅇ	1485031124
맥주 먹는 소리 왤케 잘들려	비형여자	1485031118
로코는 12부작 정도면 안늘어지고 딱 명작 나올듯 하다	ㅇㅇ	1485031113
기억이 돌아왔는데 목소리도 왜 같이 돌아오냐	ㅇㅇ	1485031114
10년 뒤면 동갑이야?	ㅇㅇ	1485031112
도깨비가 900년동안 여자하나 안사겼다는게 말이돼??김고은한테 하는걸	ㅇㅇ%20	1485031108
퀘벡이 신행지였네	ㅇㅇ	1485031107
혼자봐서 다행	ㅇㅇ	1485031106
이와중에 피피엘 ㅋㅋㅋㅋ	ㅇㅇ	1485031105
오늘 같은 날은 여주 비줠이 좀 터져줘야 하지 않나?	ㅇㅇ	1485031104
야넠ㅋㅋㅋ	ㅇㅇ	1485031100
시바 가족이랑 보고잇는데 베드씬나오지마라	ㅇㅇ	1485031100
공유 너무좋아진짜...	ㅇㅇ	1485031100
벡스 맛있는데 ㅋㅋㅋㅋ 협찬인가 ㅋㅋㅋㅋㅋㅋ	ㅇㅇ	1485031098
기억찾으면 연기도루묵 될거라했던애 말이 맞네	ㅇㅇ	1485031099
역시 헬조센드라마는 기승전병이야 ㅋㅋㅋㅋㅋㅋㅋ	ㅇㅇ	1485031101
헐 김고은 가슴에 뽕넣었네 ㅋㅋㅋ	ㅇㅇ	1485031098
저분위기에서 술마시면 베드신이지 미친 안돼ㅜㅜ	ㅇㅇ	1485031095
ㅋㅋㅋㅋㅋㅋ공유 벌은 언제 끝냐녜	ㅇㅇ	1485031094
해피충은 판타지 쓰지말자	ㅇㅇ	1485031094
도깨비 많이 심심하지 않냐?	ㅇㅇ	1485031094
은숙이 진짜 매번이러네	ㅇㅇ	1485031093
그래도 서브 다시 만나서 해피되는거 궁금하니 다행이군	ㅇㅇ	1485031091
거지근성 ㅉ	ㅇㅇ	1485031090
아 저게 뭐지? ㅋㅋㅋ	ㅇㅇ	1485031091
도깨비 또 취하겠네	ㅇㅇ	1485031090
다시 회상씬 나오고 단풍이 나비되는거 아님?	ㅇㅇ	1485031087
진짜 단풍때문에 기억돌아온거?ㅋㅋㅋㅋ	ㅇㅇ	1485031085
어떻게 기억돌아온거야??	ㅇㅇ	1485031084
도깨비 그럼 이제 영생이냐ㅠㅠ	ㅇㅇ	1485031085
이제 성인버전 가냐? ㅋㅋㅋㅋㅋㅋ	ㅇㅇ	1485031084
ppl타임	ㅇㅇ	1485031083
김신 아직 능력은 남아있나보네	ㅇㅇ	1485031082
아직 나에게 교통사고씬 본 기억이 있다	ㅁㅁ	1485031080
은숙이는 왠만하면 해피엔딩하지마라 시가도 그렇고 해피엔딩하면 망함	ㅇㅇ	1485031079
드라마에서 만큼은 여주인공은 진짜 이뻐야 된다는걸 절실히 알게 해 주네	ㅇㅇ	1485031082
16화는 ppl 대잔치 예정	ㅇㅇ	1485031078
미풍이나봐야지 식었다	ㅇㅇ	1485031078
저건 서울에서 찍은거같네	ㅇㅇ	1485031077
이상 김고은 토탈리콜	ㅇㅇ	1485031074
아니 서브들 서사가 더 개연성있다	ㅇㅇ	1485031073
ㅅㅂ 일시불	ㅇㅇ	1485031073
럽라는 서브가 더좋네ㅋㅋ	ㅇㅇ	1485031070
베드씬이라고?	ㅇㅇ	1485031069
단풍때문에 기억이 돌아온거?	ㅇㅇ	1485031069
도깨비 13부작으로 끝내도 될 이야긴데 ㅋㅋㅋㅋ	ㅇㅇ	1485031068
무로 돌아긴다 대사 너무좋은데ㅠ이유가 너무 어의없다	ㅇㅇ	1485031065
고은인 영화해라	ㅇㅇ	1485031065
월계수 김영애아짐 한번 허락하니까 너무 좋으시네	ㅇㅇ	1485031068
공유 립스틱 발랐냐? ㅎ	ㅇㅇ	1485031062
뭐야 치킨 결제하고왔는데 쟤네둘 왜 절절해진거야?	ㅇㅇ	1485031062
검을 너무 일찍 뽑았다했어	ㅇㅇ	1485031062
도깨비 여주 10년젊은 임수정이었다면 잘어울렸을듯	ㅇㅇ	1485031061
교통사고 나서 머리 처 박고 기억 돌아와야 됐냐?	ㄷㅋ	1485031065
씬 길다 넘겨라	ㅇㅇ	1485031058
진짜 공유는 멜로연기에는 장인이다...	ㅇㅇ	1485031058
걍 그거지 우연. 신의 변덕	ㅇㅇ	1485031055
아 베드신제발 ㅜㅜㅜㅜㅜ안돼	ㅇㅇ	1485031051
은숙이는 막히면 막 쓰는게 웃김	ㅇㅇ	1485031049
ㅅㅂ 존나 유치하네	ㅇㅇ	1485031049
아씨 잘다나가다 이러냐 ㅠㅠㅠ 은숙아	ㅇㅇ	1485031047
공유지금부터 벌받는거야?	ㅇㅇ	1485031045
도깨비=도민준	ㅇㅇ	1485031045
기억찾는거 왜케 허술하지	ㅇㅇ	1485031045
공유 이제 늙나?	ㅇㅇ	1485031044
그냥 고춧가루 된걸로 끝내지 그랬냐	어도	1485031043
여주가 기억찾았는데 왜 별로 안기쁘지?ㅋㅋㅋㅋㅋㅋ	ㅇㅇ	1485031042
은탁이 명부 받고 사고나니까 닥치고 봐 ㅋㅋㅋㅋ	ㅇㅇ	1485031040
키스씬 나오니 갑자기 김고은 까는 글 난무 ㅋㅋㅋㅋㅋㅋ	ㅇㅇ	1485031037
새드로 갔어야하는데 ㅅㅂ	녕랑단	1485031035
키스씬도 머 저래 ㅋㅋㅋ	ㅇㅇ	1485031034
월계수  꽃보고 연실이라고 부르는거 완전 닥터스랑 존똑	ㅇㅇ	1485031031
13회 자체종영이다	ㅇㅇ	1485031031
공유 얼굴 클로즈업 좀 하지마 입술 너무 이상해	ㅇㅇ	1485031030
존못들은 캐스팅 자제점	ㅇㅇ	1485031030
잤잤하냐. 암튼 오늘 별로다	ㅇㅇ	1485031029
역시 은숙이는 여기까진가 보군	ㅇㅇ	1485031028
이렇게 기억벌써찾고 만나면 더이상나올내용없지않냐?	ㅇㅇ	1485031028
써니 기억안잃은건 존나 정성들여놓고 지은탁기억찾은건	ㅇㅇ	1485031028
이수지다 ㅋㅋㅋ	ㅇㅇ	1485031028
16부 어케 채움?	ㅇㅇ	1485031031
공유 ㅈㄴ멋있는데 빻고은 땜에 계속 웃겨ㅋㅋㅋㅋ	ㅇㅇ	1485031027
베드씬 안보고싶다	ㅇㅇ	1485031024
ㅋㅋㅋ애초에 로코에 16부작은 넘 길어	ㅇㅇ	1485031024
김고은꽁지머리 잘라주고 싶다.	오승아	1485031026
중요한씬 김고은이 다 망쳤어	ㅇㅇ	1485031023
아무리봐도 나년은 얼굴때문에 보는듯	ㅇㅇ	1485031023
은숙이는 막판을 좀...	ㄱㄴㄷㄹ	1485031025
김고은 정말 이건 아니다ㅋㅋㅋ	ㅇㅇ	1485031020
저승커플이 더 슬프고 아련해 ㅠㅠ	ㅇㅇ	1485031020
아 김고은보면짜증나는데 공유가 멘트칠때마다 실실처웃음	ㅇㅇ	1485031019
한지민이나 임수정 같은 애였으면 엄청 몰입됐을텐데	ㅇㅇ	1485031018
꽁냥대다가 또 슬퍼지겠지	ㅇㅇ	1485031018
16화가 필요하냐 ???	ㅇㅇ	1485031016
기억돌아오는건 빠들 쉴드못치겟다...	ㅇㅇ	1485031017
단풍 잡아서 기억 돌아온거 맞지?	ㅇㅇ	1485031017
도깨비 지금 하아품	ㅇㅇ	1485031016
먼데 갑자기 어떻게 기억함 잠깐못봤더니	ㅇㅇ	1485031014
기억 어케 돌아옴?ㅜㅜㅜㅜ못봄 ㅜㅜ	ㅇㅇ	1485031013
뭐야 저렇게 기억되찾고 끝?ㅋㅋㅋㅋㅋㅋ	ㅇㅇ	1485031013
이제 1시간 반은 뭘로 채워ㅆㅂ 은숙이표 오글이 시작인거냐	ㅇㅇ	1485031012
내동생 화장실 다녀왔는데 지금 당황하고있음ㅋㅋㅋ	ㅇㅇ	1485031011
내가 씨발ㅈ공유땜에 참고본다	ㅇㅇ	1485031010
아직도 시간 많이 남았는데 뭘로 풀려고ㅋㅋㅋ	ㅇㅇ	1485031012
걍 공깨비 소멸하고 끝났어야됨	ㅇㅇ	1485031008
은숙아ㅠㅠ	ㅇㅇ	1485031005
기억어떻게 찾음?	ㅇㅇ	1485030999
지은탁 좀 빠져라 은숙이가 나름 여주라고 막판에 챙겨주려다 개연성망	ㅇㅇ	1485030999
2회나 남아서 반전있을거라 나름 기대했는데	ㅁㅁ	1485030998
야 그래도 다행이지않냐 이제 울일 없겠네	ㅇㅇ	1485030997
도깨비 거품 ㅈㄴ심함	ㅇㅇ	1485030996
우는 연기는 안하는걸로 음	ㅇㅇ	1485030994
지금 깨비 비주얼 좋다ㅋㅋㅋ	ㅇㅇ	1485030994
오나귀 박보영 봐라	ㅇㅇ	1485030992
떨어지는 단풍잎에 급 기억이 돌아온거?	ㅇㅇ	1485030990
기억 왜찾는지도 곧 설명 나오지않을까?? 어제 개연성없던것도 오늘설명해주	ㄹㅇㄹㄴㄹ	1485030993
은숙이  결말  발로  썼네	ㅇㅇ	1485030986
김고은 너무 못생김	ㅇㅇ	1485030989
김고은 애절 멜로 감정 연기는 정말 못한다	ㅇㅇ	1485030984
드라마 주인공은 이쁘고 잘생긴사람만 하자	ㅇㅇ	1485030985
뭐야 나잠깐 화장실다녀온사이에 김고은 기억되찾음ㅠㅠㅠ어찌된겨???	ㅇㅇ	1485030984
야씨 나지금 엄마랑 할머니랑보는데 베드씬나오지마라	ㅇㅇ	1485030983
아니근데 단풍잎 잡아서 기억돌아온거???	ㅇㅇ	1485030982
13회 자체종영	ㅇㅇ	1485030981
은숙아 이게 대체 ㅋㅋㅋㅋㅋ	ㅇㅇ	1485030981
김고은 울때 찢어지는 목소리 저번만 그런게 아니라 그냥	ㅇㅇ	1485030984
은숙이 글빨 딸리는거맞지	ㅇㅇ	1485030980
럽라는 섭남여주 서사가 최고다	ㅇㅇ	1485030974
역시 은숙이는 서사가 약해 담엔 은희랑 쓰자	ㅇㅇ	1485030973
감정선은 써니랑 왕여가 최곤거같다 ㅠㅠ	ㅇㅇ	1485030973
뜬끔 기억남ㅋㅋㅋㅋ	ㅇㅇ	1485030972
은숙아 이건 많이 아쉽다 막판에 힘 빠지네	ㅇㅇ	1485030972
아 ㅋㅋㅋㅋㅋ 단풍이 잘못했네	ㅇㅇ	1485030973
아니 개연성은 개나줘라 전개 인가봄	ㅇㅇ	1485030972
무로 돌아간다가 김고은 하나 못보는거면	ㅇㅇ	1485030971
도깨비 오글거려서 못 보겠다. ㅋㅋㅋㅋㅋㅋㅋㅋㅋㅋㅋㅋ	ㅇㅇ	1485030974
기억찾은건 너무 대충 날렸너	ㅇㅇ	1485030969
아니 뭐야 너무 갑자기 기억을ㄷㄷㄷ	ㅇㅇ	1485030964
엔딩으로 기억 찾는 거 넣지..	ㅇㅇ	1485030964
너무 쉽게 기억돌아왔네ㅋㅋㅋㅋㅋㅋ	ㅇㅇ	1485030961
그봐 내가 13회에서 끝나는게 나을거라 했잖아	ㅁㅁ	1485030960
유인나가 존예에 연기쩌는걸로 보일지경.....	ㅇㅇ	1485030959
도깨비는 그러니깐 지금 인간이냐 도깨비냐???	ㅇㅇ	1485030958
기억어떻게 찾나 그것만 기다렸는데	ㅇㅇ	1485030956
진짜 오늘은 김고은이 단한순간도 이쁘지가 않다	ㅇㅇ	1485030955
은탁이는 박보영이 최선이었을것 같다	ㅇㅇ	1485030955
시가 막회볼때 느낌임	ㅇㅇ	1485030955
기억 어케 찾아써? 티빙끊겨서ㅠㅠ	ㅇㅇ	1485030953
어제부터 가장 중요한 터닝포인트를 근본없이 막쓰네	ㅇㅇ	1485030952
끝난 마당이지만 여주가 아쉽다	ㅇㅇ	1485030953
김고은  연기가 너무 오바	ㅇㅇ	1485030951
공감이 안돼. 몰입이 안돼.	ㅇㅇ	1485030947
아니 돌아오는것도 기억찾는것도	ㅇㅇ	1485030944
공유가 못생기긴했는데 은숙 매직이 대단하다	ㅇㅇ	1485030944
기억 갑자기 돌아온거 같지 왜	ㅇㅇ	1485030944
근데 초반공유 비주얼 존멋	ㅇㅇ	1485030942
김은숙 자다가 쓴듯	ㅇㅇ	1485030942
응복이는 왜 키스신 풀샷만 찍니?	ㅇㅇ	1485030940
도깨비 여주캐 진짜 처음부터 끝까지 개병신 만들어놨네	ㅇㅇ	1485030940
주연커플은 노잼이다 조연커플	ㅇㅇ	1485030939
걍 데자뷰로 기억난거냐 진짜?	ㅇㅇ	1485030934
아직 1회남았는데 왜이렇게빨라	ㅇㅇ	1485030933
서브 스토리가 더 좋네	ㅇㅇ	1485030932
보는 사람 시점에선 서브는 늘 헤어지고 메인은 헤어짐따위없음	ㅇㅇ	1485030932
기억 너무 급작스럽게 찾은거 같은데	ㅇㅇ	1485030932
기억이 어떻게 되돌아옴? 단풍잎때문에?	오승아	1485030936
그동안 좋았는데 갑자기 허접해지냐	ㅇㅇ	1485030930
하 난 서브가 더좋다	ㅇㅇ	1485030930
단풍 때문에 기억이 찾은겨?	ㅇㅇ	1485030932
시간만 가능했음  29세 단풍국씬은 다시 찍으라 하고싶다	ㅇㅇ	1485030928
은숙이형 이게 뭔 전개냐ㅋㅋㅋㅋ	ㅇㅇ	1485030927
기억찾는거 존나 무뜬금이야	ㅇㅇ	1485030926
깨비네는 별로 안궁금한데 저승이네는 ㅈㄴ 궁금	애미다~	1485030926
중요한 장면인데 좀 허무하다 ㅠㅠ	ㅇㅇ	1485030926
유인나 목소리 귀척이라 별로	ㅇㅇ	1485030924
기억을 저렇게 찾아?	ㅇ	1485030922
공유 틴트발랐닼ㅋㅋㅋㅋㄱㄱㄱㅅ 키스장전 ㄱㄱ	ㅇㅇ	1485030921
키스	oo	1485030920
너무 갑자기 기억 돌아온거 아님?	ㅇㅇ	1485030919
대본도 문제지만	ㅇㅇ	1485030920
? 머냐 전화받는 사이에 주디박고잇음ㅠㅠ	ㅇㅇ	1485030919
존구 시발ㅋㅋㅋㅋㅋ이게뭐야	ㅇㅇ	1485030919
김고은 기억찾은이유 이거맞냐	ㅇㅇ	1485030918
개뜬금퐄ㅋㅋㅋㅋㅋㅋㅋㅋㅋㅋㅋㅋㅋㅋㅋㅋㅋ	ㅇㅇ	1485030921
김은숙에게 개연성이란?	ㅇㅇ	1485030917
기억을 저렇게 찾아?	ㅇ	1485030917
ㅅㅅ씬 준비하자 ㅋㅋㅋㅋㅋㅋㅋ	ㅇㅇ	1485030920
시발 띵작인데 연기시발.... 하	ㅇㅇ	1485030915
인간적으로 눈물연기할때 눈물은 흘리게 해줘ㅠㅠㅠㅠ	ㅇㅇ	1485030920
저따위로 우는데 캐스팅 잘했다고 염불외는 것들은 뭐냐 휴,.	ㅇㅇ	1485030915
쟤네 자냐?	ㅇㅇ	1485030914
아 ㅅㅂ 허무하네 ㅋㅋㅋ	ㅇㅇ	1485030917
메인 럽라를 서브만큼 애절하고 슬프게 그렸더라면	ㅇㅇ	1485030913
하나도 안아름다워보이노 ㅋㅋㅋㅋㅋ	ㅇㅇ	1485030913
은숙아 이게 머냐ㅡㅡ	ㅇㅇ	1485030904
걍 써브씬 끼지말고 퀘백씬 쭈욱 연결하지	ㅇㅇ	1485030903
허무와 짜증이....	ㅇㅇ	1485030902
존나 뜬금없네 시발ㅋㅋㅋㅋㅋㅋㅋㅋ은숙이 날림으로 쓰고 자빠졌네	ㅇㅇ	1485030902
떡밥 회수 이따구로 할거면 일을 벌려놓지말자 은숙아	ㅇㅇ	1485030902
난 왜 서브 에피가 더 좋지?	ㅇㅇ	1485030901
뭐야 너무 허무하네 ㅋㅋㅋㅋㅋ	ㅇㅇ	1485030899
꽁트 ㅋ	ㅇㅇ	1485030899
너의 이름은	ㅇㅇ	1485030898
베드신 각이다	ㅇㅇ	1485030899
역시 배우는 이쁘고 잘 생기고 봐야 됨..	ㅇㅇ	1485030898
은숙이 힘 빠졌구나	ㅇㅇ	1485030897
이게머냐고	ㅇㅇ	1485030896
근데 갑자기 왜 생각난거?	ㅇㅇ	1485030896
우는건좀ㅡㅡ	ㅇㅇ	1485030896
또 또 또 은숙이 또!	ㅇㅇ	1485030895
공유 시발 존나 머싰어 ㅋㅋㅋㅋㅋㅋㅋㅋㅋㅋ	ㅇㅇ	1485030894
어째 써니랑 저승이 서사가 더 설득력있냐	ㅇㅇ	1485030893
공유 극한직업ㅋㅋㅋㅋ 쭈꾸미와 키스신	ㅇㅇ	1485030892
감정선 병신됐네	ㅇㅇ	1485030890
이렇게 쉽게 기억날거면 ㅋㅋㅋㅋㅋㅋㅋㅋㅋ뭐얔ㅋㅋㅋㅋ	ㅇㅇ	1485030890
나비신 개유치해ㅋㅋㅋ	ㅇㅇ	1485030890
잘하다가 막판에 왜이랰ㅋㄱㅋㅋㅋㅋㅋ	ㅇㅇ	1485030888
뭐야 이상해	ㅇㅇ	1485030888
왜그래 갑짜기	ㅇㅇ	1485030887
꺄비 하루 사이에 수염..	ㅇㅇ	1485030887
ㅋㄱㄱㄱㄱ넘 이상하다ㅋㄲㄱㄱ 뭐냨ㅋ	ㅇㅇ	1485030886
공유는 존멋인데 여주가 깬다	ㅇㅇ	1485030884
작가가 잘 쓰면 연기는 좀 모자라도되나봄	ㅇㅇ	1485030884
갓은숙 ㅠㅠㅠㅠ	ㅇㅇ	1485030884
보고싶어여엌끄헠헠헠으헠헠	ㅇㅇ	1485030883
싸이    우나연기   제발  치워라  천식 환자	ㅇㅇ	1485030880
오늘 뭔가 울고 울고 또 울고	비형여자	1485030880
또또 지들끼리만 애절	ㅇㅇ	1485030880
김고은 너무 못생겼다 여주로 보기엔 참	ㅇㅇ	1485030879
김고은 진짜 미스캐스팅..............	ㅇㅇ	1485030878
헐    김신이 살렸다 ㅋㅋㄱ	ㅇㅇ	1485030878
미리 찍은거 치고 감정연기 괜찮네	ㅇㅇ	1485030881
나비 능력치 ㅎㅌㅊ	ㅇㅇ	1485030877
얼마나 사랑하고 얼마나 생각하면 신이 지운 기억도	ㅁㅁ	1485030876
서브가 더 자연스럽고 지랄 짜증	ㅇㅇ	1485030879
야 진짜 어우... 이렇게 공감이 안되냐	ㅇㅇ	1485030874
퀘벡에서 키스신도찍었네	ㅇㅇ	1485030873
김은숙이 여캐를 못쓰는거냐?	ㅇㅇ	1485030873
꿱꿱!!	ㅇㅇ	1485030873
우는연기 떽떽거리는 소리 진짜 거슬려	ㅇㅇ	1485030871
갑자기 길에서 다 떠오르다니ㅋㅋㅋ	ㅇㅇ	1485030870
넘 급전개다	ㅇㅇ	1485030869
아니 이게 뭐야 ㅋㅋㅋㅋㅋㅋㅋㅋㅋㅋㅋㅋㅋㅋㅋㅋㅋ	ㅇㅇ	1485030872
김고은 애기임?	ㅇㅇ	1485030868
이겟ㅂ ㅋㅋㅋ 아낰ㅋㅋ 뭐여 ㅋㅋㅋㅋ	ㅇㅇ	1485030868
ㅋㅋㅋㅋㅋㅋㅋㅋㅋ ㅋㅋㅋ	ㅇㅇ	1485030868
대박	ㅇㅇ	1485030868
기억찾는 장치 과정이 좀.. ;;;	ㅇㅇ	1485030868
단풍잎 때매 기어난거야뭔데	ㅇㅇ	1485030867
개허무하네	ㅇㅇ	1485030867
은숙이껀 1 2 막방 회차 총4회만 보면 다 보는거야	ㅇㅇㅇ	1485030867
공장인 키스씬으로 모든게 평온해졌다	오승아	1485030870
김고은 연기 아 ㅋㅋㅋㅋㅋㅋ	ㅇㅇ	1485030866
아진짜 개빻았노	ㅇㅇ	1485030865
울때 꺽꺽거리는거 좀 고 쳐라	ㅇㅇ	1485030866
김고은 다 괜찮은데 우는 연기 너무 오바다	ㅇㅇ	1485030865
김고은 울때 웃는거랑 분간이 잘 안됨 이연희 비슷	ㅇㅇ	1485030860
찍은지 얼마 차이 안나는데 공유 왜케 어려보이냐	ㅇㅇ	1485030859
크 미쳤다ㅜㅜㅜ	ㅇㅇ	1485030858
시발	ㅇㅇ	1485030857
미친 저기서 키스신은 아니지않냐ㅌㅋㅋ	ㅇㅇ	1485030857
아오 이게 ㅋㅋㅋㅋㅋㅋㅋ존구	ㅇㅇ	1485030855
우는 연기 존나 못하는데 존나 많이 나오네	ㅇㅇ	1485030847
하라에 나왔던씬이다	ㅇㅇ	1485030847
얘네도 우네ㅠ	ㅇㅇ	1485030845
은숙내 낭낭	ㅇㅇ	1485030845
나비신 능력치 ㅂㄹ네	ㅇㅇ	1485030843
ㄷㄷㄷㄷ	ㅇㅇ	1485030843
왜저래우냐	ㅇㅇ	1485030843
시발 우는연기	ㅇㅇ	1485030842
기억 찾는거 허무해 ㅋㅋㅋㅋㅋㅋㅋ	ㅇㅇ	1485030842
무슨기억이 이렇게쉽게돌아오냐 메인갈등이너무쉽넼	ㅇㅇ	1485030842
ㅅㅂ 29살먹고도 저따위로쳐우네	ㅇㅇ	1485030841
저거 이미 다 찍어온건가?	ㅇㅇ	1485030840
너무 갑자기 ㅋㅋ	ㅇㅇ	1485030840
개존못 ㅅㅂ	ㅇㅇ	1485030840
뭔 신이 일처리가 저래 미흡하냐	ㅇㅇ	1485030837
연기 보소	ㅇㅇ	1485030836
좋긴한데 좀 허무하네 ㅋㅋㅋ	ㅇㅇ	1485030839
기억이 순식간에	ㅇㅇ	1485030835
??기억 그냥 갑자기 찾은거??	ㅇㅇ	1485030833
와 저렇게 소환하네	ㅇㅇ	1485030833
김고은 기억 어떻게 돌아온거임?	ㅇㅇ	1485030833
기억 찾는게 낙엽 때문인거냐	ㅇㅇ	1485030832
나만 우껴??	ㅇㅇ	1485030829
단풍잎으로????????? 흠 막판에 씽크빅 딸린듯 ㅋㅋ	ㅇㅇ	1485030830
아 존못 ㅠㅠㅠㅜ	ㅇㅇ	1485030829
아진짜 또 시시해	ㅇㅇ	1485030827
요즘은 억지로 기억찾아내는게 유행이냐	ㅇㅇ	1485030825
도깨비가 재밌냐..	ㅇㅇ	1485030824
어떻게 찾은거야?	ㅇㅇ	1485030799
와 월계수 보는사람 없냐? 홀로 시간을 거슬러 가는듯	ㅇㅇ	1485030796
또 운다!!!!!!! 눈물 일발장전 ㅋㅋㅋㅋ	ㅇㅇ	1485030794
야시발 공유 초반비주얼 개쩐다	ㅇㅇ	1485030794
하나씩 기억이 돌아오네	ㅇㅇ	1485030790
김고은 저 짧은머리는 누구 아이디어임??	ㅇㅇ	1485030788
기억 생각보다 넘나 쉽게 오네 ㅋㅋ	ㅇㅇ	1485030788
역시 어린게 좋네. 어린은탁 >>>>>>>>>>>지금은탁	오승아	1485030790
그래서 써니랑 저승이는 안 되는거냐	ㅇㅇ	1485030783
저렇게 쉽게 기억 찾넼ㅋㅋ	ㅇㅇ	1485030778
월계수 아나운서랑 오빠랑 결혼했네 ㅅㅂ	ㅇㅇ	1485030777
김고은 감정연기 진짜못하는듯	ㅇㅇ	1485030776
공유 ㅂ 관심없었는데 멋있다 깨비에서	ㅇㅇ	1485030775
응복아	ㅇㅇ	1485030773
진심 왕여-써니는 둘다 절절해 메인컵은 김신만 절절해	ㅇㅇ	1485030772
????기억찾아?	녕랑단	1485030767
헐 기억하네	ㅇㅇ	1485030766
지은탁 기억 돌아왔네	ㅇㅇ	1485030763
기억났어 ㅠㅠㅠㅠㅠㅠㅠ	ㅇㅇ	1485030756
기억 찾나봄 ㅋㅋ	ㅇㅇ	1485030752
왕사도 제주도 촬영이네	ㅇㅇ	1485030753
와 시발 연출ㅋㅋㅋㅋ	ㅇㅇ	1485030747
신은 나서야 할때는 안나서고, 안나서야 할때는 나서는	ㅇㅇ	1485030750
써니 라디오 사연으로 기억 돌아올듯	ㅇㅇ	1485030738
덕화는 은탁이 왜 기억 못하냐	ㅇㅇ	1485030734
써니 자살하면 안된다ㅠㅠㅠ	ㅇㅇ	1485030730
도깨비 술 마시네 ㅋㅋ	ㅇㅇ	1485030728
써니 신과 같이 있어서 모두가 도깨비완 관련된  걸	ㅁㅁ	1485030727
으아 인남뽕 차오른다	ㅇㅇ	1485030667
메인보다 서브 마무리가 더조으네	ㅇㅇ	1485030660
써니 죽어?	녕랑단	1485030658
유인나 라디오 목소리 쩔었는데 아직도 디제이?	ㅇㅇ	1485030657
써니 라디오 사연	ㅇㅇ	1485030657
써니는 환생때부터 저승이를 기억하고 있었던거냐?	ㅇㅇ	1485030656
유인나 목소리 지린다..	ㅇㅇ	1485030657
써니가 뭔 자살이여 시청자겟판인디ㅋㅋ	ㅇㅇ	1485030656
근데 왜 아는척하면 안되냐	ㅇㅇ	1485030652
개슬픔ㅠㅠㅠㅠㅠㅠㅠㅠㅠㅠ	ㅇㅇ	1485030652
써니 ㅠㅠㅠ	ㅇㅇ	1485030649
써니랑 저승이 만나면 안되는 이유가 있냐 ㅡㅡ	ㅇㅇ	1485030651
슬퍼	ㅇㅇ	1485030645
써니 서사 이렇게 풀줄 몰랐다	ㅇㅇ	1485030642
김우빈 왕여 갭차이봐 ㅠㅠㅠㅠ	ㅇㅇ	1485030641
김은숙 진짜 칼갈았구나 구성ㅈㄴ짱짱이야	ㅇㅇ	1485030639
슬퍼...	ㅇㅇ	1485030638
저승사자도 종교는 무교야	ㅇㅇ	1485030635
아 써니 너무 좋다ㅜㅜㅠㅠㅠㅠ	ㅇㅇ	1485030631
눈물 쏟아진다. 아 이거 슬프다	오승아	1485030633
유인나 나이에 비해 동안이네	ㅇㅇ	1485030628
써니ㅠㅠㅠ 설마 자살? ㅠㅠㅠ	ㅇㅇ	1485030627
서브는 맨날 헤어짐ㅋㅋㅋㅋㅋ	ㅇㅇ	1485030627
유인나 나레 좋다	ㅇㅇ	1485030626
써니자살해	ㅇㅇ	1485030624
나비건 애건 무엇에게건 함부로 대하지말고 잘해라 교훈	ㅇㅇ	1485030624
티빙너무끊긴다 어흘ㅜㅜㅜ	ㅇㅇ	1485030620
얘네 사랑이 더 절절하게 느껴짐	ㅇㅇ	1485030622
저승사자랑 인간이랑 사랑하면 안됨 ????	ㅇㅇ	1485030619
유인ㄴ나 목소리진짜 개꿀이다	ㅇㅇ	1485030615
핑계없이 만날 수 있기를 ㅠㅠㅠ	ㅎㅎ	1485030615
와 청취자 게시판 뭐냐 은탁이 라디오임?	ㅇㅇ	1485030615
[단독] 김은숙 "지은아...제목에 전설~넣으려면 이정도로 슬퍼줘야"	ㅇㅇ	1485030613
유인나 목소리 ㅠ	ㅇㅇ	1485030612
도깨비는 서브한테 서사 몰빵이네	ㅇㅇ	1485030610
유인나 저때 이뻤어	ㅇㅇ	1485030607
혼자만 기억한다는 건 진짜 벌이네	ㅇㅇ	1485030587
아 눈물난다이건	ㅇㅇ	1485030586
시발 눈물나ㅠㅜ	ㅇㅇ	1485030586
유인나 우는거 너무 이쁘다ㅠ	ㅇㅇ	1485030584
써니야ㅠㅠㅠㅠㅠ저승ㅇ아ㅠㅠㅠㅠㅠㅠ	ㅇㅇ	1485030581
써니 뭐 나라 팔아먹은것도 아닌데 제일불쌍 ㅠㅠ	ㅇㅇ	1485030576
써니가 제일 불쌍하다	ㅇㅇ	1485030572
깨비 불쌍 개불쌍 세상불쌍	ㅇㅇ	1485030566
오늘로써 도깨비는 주 럽라는 서브인거 확실시된듯	ㅇㅇ	1485030563
진짜 신새끼 겁나 쪼잔하다 ㅋㅋㅋㅋㅋㅋㅋㅋ	ㅇㅇ	1485030562
이동욱은 우는 연기 참 못한다	ㅇㅇ	1485030559
ㅠㅠㅠㅠㅠㅠㅠㅠㅠㅠ	ㅇㅇ	1485030558
유인나 우는건 괜찮네	ㅇㅇ	1485030556
나비신 때문에 유인나만 기억 안 지워진 거임?	ㅇㅇ	1485030554
써니:내 인생 내가 알아서 살테니 빠지셈 신:알았어...(쭈굴)	ㅇㅇ	1485030546
써니 지은죄도없는데 존나가혹하네 ㅅㅂ	ㅇㅇ	1485030545
써니랑 저승이한테 왜구러냐ㅜㅜㅜㅜㅜㅜㅜㅜ	ㅇㅇ	1485030544
나비 씨발ㅇ놈이네 이거 아주	ㅇㅇ	1485030544
퀸은숙 그냥 전개 막힐때 신 치트키 썼네	ㅇㅇ	1485030544
나비 어그로네 어그로	ㅇㅇ	1485030543
나비시기는  깨비랑 은탁이한테만 가혹하네	ㅇㅇ	1485030542
뭐야 교훈이 말조심이여?ㅋ	ㅇㅇ	1485030535
야 왜은탁이는 써니몰라봄?	ㅇ	1485030535
후반부에 왜래 다들 우냐 ㅠㅠ	ㅇㅇ	1485030533
헐 슬프다 ㅜㅜ	ㅇㅇ	1485030533
신이란 놈 내 소원은 1도 안 들어주면서	ㄷㅋ	1485030532
한명쯤은 신이 아니라 자기가 선택하게 하네	ㅇㅇ	1485030529
이동욱 후반에 안우는 씬이 없넼ㅋㅋㅋㅋㅋ	ㅇㅇ	1485030527
써니 불쌍해	ㅇㅇ	1485030526
14회에어 지피디는 전가게 모른다고 했자느	ㅇㅇ	1485030523
나비를 내 발 아래에.  천하를 내 발ㅇㅏ래에	ㅇㅇ	1485030518
아 써니ㅠㅠㅠㅠㅠㅠㅠㅠㅠㅠㅠㅠㅠㅠㅠㅠㅠㅠㅠ	ㅇㅇ	1485030516
유인나가 어떻게 기억하는거야	ㅇㅇ	1485030515
써니는 기억 안지우ㅓ진거구나 ㅋㅋㅋ	ㅇㅇ	1485030513
써니 멘탈 존경한다	ㅇㅇ	1485030512
왕여는 신이 계획해서 기억 남기고 써니는 우발적으로 기억을 남겨뒀네	ㅇㅇ	1485030510
써니가 제일 불쌍해 ㅠㅠㅠㅠㅠ	ㅇㅇ	1485030508
도깨비 잊으면서 그에 대한 기억이 다 지워져야 맞는건데	ㅇㅇ	1485030507
써니 다 알고있었어 ㅠㅠ	ㅇㅇ	1485030507
신이 제일 빌런이네	ㅇㅇ	1485030504
나비 이 노무 신은 오락가락 하네	이기적유전자*	1485030507
신이란게 옹졸해서 ㅅㅂ 인간사 개불쌍하게 꼬아놓고	ㅇㅇ	1485030503
써니는 다 알고 있어요 ㅋㅋ	ㅇㅇ	1485030499
갓은숙 사랑해요 ㅠㅠㅠㅠ도깨비 ㅅㅂ존잼	ㅇㅇ	1485030499
열어둔 문이 써니였나?	ㅇㅇ	1485030498
유인나는 그때 과거씬 빼면 연기 다 괜찮네	ㅇㅇ	1485030497
핸드폰 루나S 삿는데 쓰는 사람 있어??	ㅇㅇ	1485030497
시발 써니는 진짜 무슨죄냨ㅋㅋㅋ전생부터 ㅋㅋㅋㅋㅋ	ㅇㅇ	1485030497
은탁이 자기 고딩 시절 다 잊은건 아닌데 써니 기억은 왜 잊음.	ㅇㅇ	1485030496
신이 벌 내렸냐?기억하고 살게	ㅇㅇ	1485030489
아 써니 ㅠㅠㅠㅠ	ㅇㅇ	1485030488
신은 그냥 극 전개를 위한 김은숙이네ㅋㄱㅋㅋㄱㅋ	ㅇㅇ	1485030483
나비새끼 독설에 멘탈 파괴 ㅋㅋㅋ	ㅇㅇ	1485030482
유인나가여주같아	ㅇㅇ	1485030479
나비가 주인공으로 들마 뽑아낼수 있을듯	ㅇㅇ	1485030481
아 써니 존나 슬퍼 ㅠㅠ	ㅇㅇ	1485030476
이동욱하고 유인나는 다 기억하는거임?	ㅇㅇ	1485030475
써니는 그냥 신 장난이야??	ㅇㅇ	1485030472
ㅠㅠㅠㅠㅠㅠㅠ	녕랑단	1485030470
써니랑 타기도 눈물나네	ㅇㅇ	1485030468
유인나 예쁜거 봐라	ㅇㅇ	1485030466
도깨비기억만 지워진게아닌가벼??관련기억이다지워졋나 은탁이 써니도까먹엇네	ㅇㅇ	1485030465
나비 개싸패새끼 ㅋㅋㅋㅋㅋㅋㅋㅋㅋ	ㅇㅇ	1485030460
알바했던거까지  기억을 왜지움?	ㅇㅇ	1485030459
크 도깨비 지리구요	무	1485030458
신 너무 잔인하다	ㅇㅇ	1485030457
나방새끼 존나 관종이네 ㄹㅇ	ㅇㅇ	1485030457
지은탁과의 인연은 나중에 다시 이어진 거구나	오승아	1485030460
방금 싸이 특별출연이냐?????	ㅇㅇ	1485030443
다기억하고 있었구나	ㅇㅇ	1485030443
도깨비에서 신 관종맞네 ㅋㅋㅋ	ㅇㅇ	1485030441
뭐야 은탁이???? 알바생 과거도 잊엇너?	ㅇㅇ	1485030441
아 진짜 얼굴시발	ㅇㅇ	1485030440
헐 ㅠ 써니ㅠㅠ	ㅇㅇ	1485030438
나비새끼 장난질 만렙이네	ㅇㅇ	1485030434
써니랑 은탁이는 새로운 인연 맺은거구나....	ㅇㅇ	1485030433
써니 모른척했네	ㅇㅇ	1485030433
나비새끼 날개를 썰어버릴라	ㅇㅇ	1485030432
은탁이는 기억 못하는것까지 캐치했네	ㅇㅇ	1485030430
오늘부터 1일 ㅠㅠㅠ	녕랑단	1485030429
신이 가볍기가 그지 없네 이꽃 저꽃 다 옴겨다님	ㅇㅇ	1485030429
헉 못생겨서 놀람 ㄷㄷㄷ	ㅇㅇ	1485030424
김고은 머리가 어그로 최고다	ㅇㅇ	1485030417
머리 ㅋㅋㅋㅋㅋ은탁이 ㅋㅋㅋㅋㅋㅋㅅㅂ ㅋㅋㅋ	ㅇㅇ	1485030415
신 너무 오락가락하는거아님?ㅋㄱㅋ	ㅇㅇ	1485030409
아 치킨땡겨 도깨비때매	ㅇㅇ	1485030407
노홍철 무도에서 관상특집인가 할때	ㅇㅇ	1485030402
나비신ㄷㄷ그래서 써니 기억 안지운듯	ㅇㅇ	1485030394
단풍국 거기서 짤르더니	ㅇㅇ	1485030390
올 신입저승 전세가냐 ㅋㅋㅋㅋ	ㅇㅇ	1485030390
그럼 유인나 도깨비 랑 자기 전생 다 아는거?	ㅇㅇ	1485030388
아 은숙이 존나 서사 푸네	ㅇㅇ	1485030388
ㅋㅋㅋㅋㅋㅋ 신 존나 찌질하네 속좁게 삐져서 기억 안지움	ㅇㅇ	1485030387
저래서 유인나는 기억하는구나 ㅋㅋ	ㅎㅎ	1485030385
후배차사 잘생	ㅇㅇ	1485030382
나비새끼 ㅋㅋㅋㅋㅋㅋㅋㅋㅋㅋㅋㅋㅋ	ㅇㅇ	1485030382
나비 존나 관종이닼ㅋㅋㅋㅋㅋㅋㅋㅋㅋ	ㅇㅇ	1485030373
그래서 써니만 기억하나봐 신이 심술 부렸네 또	ㅇㅇ	1485030372
나비가 또..	ㅇㅇ	1485030371
나비 삐짐ㅋㅋㅋㅋㅋ	ㅇㅇ	1485030364
지랄같네ㅋ	ㅇㅇ	1485030361
문 열어뒀다는게 이건가봐	ㅇㅇ	1485030361
저 꼬맹이 나비 나오기 전에 뭐라고 했냐	ㅇㅇ	1485030359
써니가 기억 지우지 말라고 한 셈이군 ㅋㅋㅋㅋ	ㅇㅇ	1485030357
신이란 새끼가 장풍질 ㅋㅋㅋㅋㅋ	ㄷㅋ	1485030358
나비놈 갈아타는거 보소	ㅇㅇ	1485030352
나비신놈이 젤 나쁜새끼 같다	ㅇㅇ	1485030350
그래서 기억이 안지워졌나봐	ㅇㅇ	1485030344
나비새끼 앞담듣고 ㅂㄷㅂㄷ중ㅋㅋㅋㅋㅋㅋ	ㅇㅇ	1485030342
헐 그래서 신이 기억을 안지웠구나	ㅇㅇ	1485030341
써니 다 기억하네 ㅋㅋㅋㅋㅋㅋ	ㅇㅇ	1485030339
나비 개관종새끼야 ㅋㅋㅋㅋㅋㅋㅋㅋ	ㅇㅇ	1485030337
헐 나비시키또	ㅇㅇ	1485030334
ㅅㅂ 나비새끼	ㅇㅇ	1485030329
신이었노ㅡㅡ	ㅇㅇ	1485030326
저 애 뭐여........	ㅇㅇ	1485030326
나비 헐	ㅇㅇ	1485030325
미친 장풍꼬마뭐냐	ㅇㅇ	1485030325
나비새끼 이번엔 장풍소년이냨ㅋㅋㅋㅋ	ㅇㅇ	1485030324
나비새끼 또 나옴ㅋㅋㅋㅋㅋㅋㅋ	ㅇㅇ	1485030321
헐 꼬맹이	ㅇㅇ	1485030320
헐 머야	ㅇㅇ	1485030320
나비샊기가 또 ㅋㅋㅋㅋㅋㅋㅋㅋㅋㅋㅋㅋㅋㅋㅋ	ㅇㅇ	1485030322
ㅋㅋㅋㅋㅋㅋ뭐임	ㅇㅇ	1485030319
헐	ㅇㅇ	1485030318
저 꼬마 신이냐 ㅋㅋㅋ	ㅇㅇ	1485030311
저 꼬마 할머니가 삼신할매냐? ㄷㄷㄷㄷㄷㄷㄷㄷㄷㄷㄷ	ㅇㅇ	1485030310
저 할매가 삼신할매인건 아니겠지?	ㅇㅇ	1485030307
저 꼬맹이 신 아니야?	ㅇㅇ	1485030305
쟤 왜 애야?	녕랑단	1485030302
도깨비 내외ㅋㅋㅋㅋㅋ	ㅇㅇ	1485030302
CBT/WBT 받아먹어	o  o	1485030304
드라마 발로 보는애들많다	ㅇㅇ	1485030296
저거 9년전이다 바보긷줌들	ㅇㅇ	1485030293
할매가 삼신할매?	ㅇㅇ	1485030291
혹시 유인나 인간아니야?	ㅇㅇ	1485030219
써니가 기억하고 있다는 건	이기적유전자*	1485030219
이동욱 오늘 왤케 잘생긴거냐	ㅇㅇ	1485030207
아 슬퐈ㅠㅠㅠㅠㅠㅠㅠㅠ	ㅇㅇ	1485030204
그렇게사랑햇으면서9년동안 안보고지낸게 이해안되..	ㅇㅇ	1485030200
저기 위례신도시	ㅇㅇ	1485030196
공유 대표작 커프냐 도깨비냐	ㅇㅇ	1485030193
유인나 왤케이쁘냐	녕랑단	1485030182
근데 왜 번호는 몰라?	ㅇㅇ	1485030182
김우빈만 기억하고 왕여는 기억 못하는거?	ㅇㅇ	1485030180
난 왠지 써니는 저승이 기억할거같더라	ㅇㅇ	1485030175
유인나 써니 연기찰떡인데 진지한건오글	ㅇㅇ	1485030171
이동욱 유인나는 서로 기억하면서 왜 안만난거냐?	ㅇㅇ	1485030171
서브가 해피 메인이 새드?	ㅇㅇ	1485030171
이제티빙접속됨 하ㅋㅋ	ㅇㅇ	1485030169
도깨비를 잊으면 그에 관련된 기억도 다 지워지는게 아닌가?	ㅇㅇ	1485030167
도깨비만 기억지워진듯	ㅇㅇ	1485030167
써니는 이동욱 깨비땜에 만난게 아니잖아	ㅇㅇ	1485030166
써니는 김신의 기억만 잊은거 잖아	ㅇㅇ	1485030166
존나 지맘대로널뛰네 써니는 또 왜 아는건데 ㅋㅋ 신들 신 맞냐	ㅇㅇ	1485030167
도깨비에 관련된것만잊어서 저승이기억은 그대론가봐 ㅜㅠ	ㅇㅇ	1485030163
유인나 카멜코트 vs 김고은 카멜코트	ㅇㅇ	1485030160
써니 개독종	ㅇㅇ	1485030159
딹	ㅇㅇ	1485030157
이동욱 유인나 잘생기고 이쁜지	ㅇㅇ	1485030155
헐 눈물나ㅠㅠ	ㅇㅇ	1485030151
김우빈이랑 써니는 둘 다 기억하면서 모른척 한 거구나	호	1485030149
써니 저승이만 기억하는 건가?	ㅇㅇ	1485030145
도깨비 기억이 지워지는 거니까 당연 저승이기억은 남아있어야지	ㅇㅇ	1485030144
써니 기억이 나는데 안나는척하려고 쌩소주깠구나	ㅇㅇ	1485030139
ㅅ서니 눈믈  보석 같다	ㅇㅇ	1485030133
써니는 기억하네??	ㅇㅇ	1485030136
뭐야 무서울정도다 써니 기억하는거야?	ㅁㅁ	1485030129
써니는 김신도 기억하는건가?	ㅇㅇ	1485030129
오엠지 써니 어떻게 기억해	ㅇㅇ	1485030127
오늘 남배우들 비쥬얼 쩌네	ㅇㅇ	1485030124
뭐야 써니 기억이 되돌아온거임???	ㅇㅇ	1485030125
왜 기억하는거냐????	킹니갓니	1485030122
이동욱 비련의 여주인공ㅋㅋㅋㅋㅋ눈물의 여와ㅇㅋㅋㅋㅋㅋㅋㅋㅋ	ㅇㅇ	1485030123
쟤는 어떻게 기억해?	ㅇㅇ	1485030120
도깨비만 잊은건가	녕랑단	1485030117
헐 써니 기억하네 저승이를	ㅇㅇ	1485030116
도깨비 기억만 잊은거잖어	ㅇㅇ	1485030115
헐 ㅠㅠㅠ	ㅇㅇ	1485030114
써니 기억 다하는 거냐	ㅇㅇ	1485030113
써니 기억하네	ㅇㅇ	1485030112
왜 써니 기억이 안지워  진거지 ??	ㅇㅇ	1485030112
써니 기억하고 있었구나 ㅜ	ㅇㅇ	1485030110
헐 써니 기억한다ㅠㅠㅠㅠㅠㅠ	ㅇㅇ	1485030111
뭐야ㅜㅜ저승이 써니 존나 눈물난다	ㅇㅇ	1485030107
헐 써니기억 ㅠㅠㅠ	ㅇㅇ	1485030107
유인나도 얼굴 상대적이득 제대로 보네	ㅇㅇ	1485030106
유인나는 어떻게 기억해???	ㅇㅇ	1485030104
뭐야 서니는 기억 안 잃었어??	ㅇㅇ	1485030103
써니는 기억을 하네?	ㅇㅇ	1485030103
오늘 월계수-미풍-아제모	ㅇㅇ	1485030101
샤넬시발	ㅇㅇ	1485030100
오늘도 도깨비 9시반 쯤 끝나??	ㅇㅇ	1485030100
ㅠ 써니 ㅠㅠㅠㅠ	ㅇㅇ	1485030101
헐 시발	ㅇㅇ	1485030100
시발 저승이 우는거 존나 맘아파ㅠㅠㅠ	ㅇㅇ	1485030100
헐 써니 ㄷㄷㄷㄷㄷㄷㄷ	ㅇㅇ	1485030100
할 써니 사자 기억하네 ㄷㄷㄷㄷㄷㄷㄷㄷㄷㄷㄷㄷㄷㄷ	ㅇㅇ	1485030099
ㅅㅂ 중간광고 극혐	ㅇㅇ	1485030100
헐  기억해ㅠㅠㅠㅠㅠㅠㅠㅠ	ㅇㅇ	1485030099
야 그럼 오라버니도기억하나?	ㅇㅇ	1485030099
오늘 무도 유재석 코트 어디꺼야???	ㅇㅇ	1485030102
헐 기억하네	ㅇㅇ	1485030095
헐 시발 기억하네	ㅇㅇ	1485030096
써니 안잊었네 ㅠ	ㅇㅇ	1485030095
유인나 지금 연기 좋다	ㅇㅇ	1485030095
써니 다 기억하네 씨발	ㅇㅇ	1485030095
와ㅏㅏㅏㅏㅏㅏㅏㅏㅏㅏㅏㅏㅏㅏ소름 반전. 김우빈씨	오승아	1485030097
써니도 어떻게 기억이 있네?	ㅇㅇ	1485030093
헐 시발 ㅠ뭐야 ㅋㅋㅋㅋㅋㅋㅋㅋㅋ	ㅇㅇ	1485030094
ㅠㅠ	ㅇㅇ	1485030089
헐 기억한다 ㄷㄷㄷㄷ	ㅇㅇ	1485030089
헐 기억하네 써니	ㅇㅇ	1485030089
헐 안잊었네	녕랑단	1485030089
헐	ㅇㅇ	1485030088
ㅁㅊ 써니 다 기억하네	ㅇㅇ	1485030087
왕여랑 써니 서사 존나 좋다 ㅠㅠㅠ시월애 같아	ㅇㅇ	1485030086
달콤커피 평상시에 저렇게 한산하냐?	ㅇㅇ	1485030088
머냐 ㅠㅠㅠㅠ 써니 기억해	ㅇㅇ	1485030085
유인나 기억 있어 ㅠㅠㅠㅠㅠㅠ	ㅇㅇ	1485030084
왜만난거야	ㅇㅇ	1485030084
이동욱 존잘이네	ㅇㅇ	1485030082
헐 기억해 ㄷㄷㄷㄷ 써니	ㅇㅇ	1485030082
기억하네	ㅇㅇ	1485030082
이동욱 후반부에 존나 많이 운듯	ㅇㅇ	1485030080
저승이 또 울엌ㅋㅋㅋㅋㅋㅋㅋㅋ	ㅇㅇ	1485030075
써니 같은 성격 매력있다	ㅇㅇ	1485030075
저승이랑 써니는 잘 될수가 없을 거 같은데	ㅇㅇ	1485030074
97과 2007은 엄청 차이나는데 2007이랑 2017은 별로 달라지지	ㅇㅇ	1485030073
써니기억있는거 업ㄱ는거 시발	ㅇㅇ	1485030073
아씨 막방이라 시간가는거 존나 아까워	ㅇㅇ	1485030071
저승이 짠내 ㅠㅠㅠㅠㅠㅠㅠㅠㅠㅠ	ㅇㅇ	1485030066
이동욱 이번주 왤케 더 잘생겨진거 같지?	ㅇㅇ	1485030063
이동욱 눈빛봐 ㅠㅠㅠㅠㅠㅠㅠㅠㅠㅠㅠㅠㅠㅠㅠㅠㅠ	ㅇㅇ	1485030057
이쁘다	ㅇㅇ	1485030057
이동욱 지금 진짜 잘생겼다	ㅇㅇ	1485030052
써니 기억하고 있을 거 같은데	ㅇㅇ	1485030052
오늘 남자배우들 멜로 터지네	ㅇㅇ	1485030051
얼굴 얼어 ㅋㅋ	ㅇㅇ	1485030046
얼굴얼어 손동작 죽이네	오승아	1485030046
이동욱도 존잘 ㅋㅋ	ㅇㅇ	1485030043
올레 도깨비 20넘었다	ㅇㅇ	1485030043
써니 그럼 삼십대후반?	ㅇㅇ	1485030037
써니는 가까이만 안잡면 이쁨	ㅇㅇ	1485030035
도깨비 오늘 재밌는이유	ㅇㅇ	1485030034
근데 왜 써니야??설정이 교포야??	ㅇㅇ	1485030030
왕여 ㅠㅠㅠ	ㅇㅇ	1485030016
도깨비는 여주 둘이 얼굴이 민폐네	ㅇㅇ	1485030014
지금 유인나 조녜 아니냐???	ㅇㅇ	1485030012
김고은보다가 유인나보니까 훨씬 낫다	ㅇㅇ	1485030011
올레 20.23	ㅇㅇ	1485030009
유인나 머리색 예쁘다	ㅇㅇ	1485030008
유인나 존예	ㅇㅇ	1485030008
도깨비 오늘은좀재밋네	ㅇㅇ	1485030007
왕여 ㅠㅜㅜㅜㅜㅜㅜㅜㅜㅜ	ㅇㅇ	1485030006
왕여...	ㅇㅇ	1485030005
유인나연기보고 숨통이트일정도니...에혀..	ㅇㅇ	1485030002
김신 퀘백에도 살았던거야?	ㅇㅇ	1485029999
유인나 진짜이쁘다	녕랑단	1485029997
왕여 ㅠ	ㅇㅇ	1485029998
써니가 모자벗긴 거 비밀은 해결됐어?	오승아	1485029996
헐 본명 말했네 저승이	ㅇㅇ	1485029993
도깨비 올레 20 넘음	ㅇㅇ	1485029992
성함이 왕여ㅠㅠㅠㅠ	ㅇㅇ	1485029992
은탁이가 무덤가 가려고할때 공유가 거기말고 하면서 팔 잡는 씬	ㅇㅇ	1485029996
도깨비 여배우들	ㅇㅇ	1485029990
아........'피치커플이 백만배 낫다	ㅇㅇ	1485029988
이세영 여고생코스프레 ㅋㅋㅋㅋ	ㅇㅇ	1485029987
공유는 그냥 멋짐이다	ㅁㅁ	1485029983
올레개높네 ㅋㅋ	ㅇㅇ	1485029977
유인나 지금 카멜 코트도 예쁘네	ㅇㅇ	1485029975
지은탁 왜저러는거냐	ㅇㅇ	1485029973
월계수 라미란 진짜 아픈거냐	ㅇㅇ	1485029965
써니 존예네	ㅇㅇ	1485029960
저승이 개짠하다 ㅠㅠㅠㅠㅠㅠㅠㅠㅠㅠ	ㅇㅇ	1485029957
서현도 그당시 반기문이 좋은건 아니였지	ㅇㅇ	1485029950
은탁이 감정선 너무 들쭉날쭉	ㅁㅁ	1485029945
머야 존잼인데 왜까고 ㅈㄹ	ㅇㅇ	1485029944
저승 커플 비쥬얼 죽이네.	오승아	1485029947
못생긴게 짜증만 내니까 더 싫어	ㅇㅇ	1485029941
김고은 말투 진짜 귀척때문에 하이톤으로 너무 높여서 했나보다	ㅇㅇ	1485029941
캐나다 촬영 두번간거야?	ㅇㅇ	1485029939
정형돈은 존나 웃긴 게 자기 예능커리어사상 최고의 폼을 찾았을 때	ㅇㅇ	1485029931
올레 19.96	ㅇㅇ	1485029929
퀘백 공유 잘생겼다	ㅇㅇ	1485029929
연기왜저래..	ㅇㅇ	1485029920
이제 김신 존댓말 끝난 거냐 ㅠㅠㅠㅠㅠㅠㅠ	ㅇㅇ	1485029914
와  진짜   연기  더럽게  못하네	ㅇㅇ	1485029914
오늘 김신 마지막회 서비스로 더 잘생긴건가	ㅇㅇ	1485029909
아 ㅅㅂ 만나기만 하면  존나 짜증내네	ㅇㅇ	1485029908
내가!!! 왜!! 가 아니고 내가..왜!!!! 이거아니냐?ㅋㅋㅋ	ㅇㅇ	1485029906
한끼 강호동 존나 웃기네 ㅋㅋㅋ 아프지마욧 왜아파욧ㅋㅋㅋㅋㅋㅋㅋㅋ	ㅇㅇ	1485029906
지은탁 감정선 왜 저따위야?	ㅇㅇ	1485029904
박보검이 존잘은 존잘이다 진짜	ㅇㅇ	1485029903
김고은..... 하...........'미치겠다	ㅇㅇ	1485029903
아니 왜 드라마를 보면서 여주가 너무 못생겨 몰입이 방해되냐고	ㅇㅇ	1485029901
김고은 연기가 문제야 비주얼이 문제야	ㅇㅇ	1485029895
김고은 진심 얼굴 왜 저럼	ㅇㅇ	1485029890
지은탁 왜이렇게 신경질적이냐?	ㅇㅇ	1485029893
연기 드럽게 못한다	ㅇㅇ	1485029884
연기 좋다는 애들 ㄹㅇ 이냐  ???	ㅇㅇ	1485029882
연기 드럽게 못하네	ㅇㅇ	1485029886
김고은 저걸 먼저 찍은 거야? 후덕한데	오승아	1485029885
김고은 말투 왜 저렇게 바뀌었냐 ㅋㅋㅋㅋ 진짜 연기가 장벽이다	ㅇㅇ	1485029880
너무 신경질적이다 은탁이	ㅇㅇ	1485029878
복선녀 임신각	ㅇㅇ	1485029878
그래도 전에 나온 29살 은탁이 머리보단 낫다.	ㅇㅇ	1485029876
왜화냄 미친년	ㅇㅇ	1485029874
공유 오늘 잘샹김 ㅜㅜㅜ	ㅇㅇ	1485029872
라미란 임신인거같은데	ㅇㅇ	1485029870
고은이가 좀 만 더 잘했어도 케미 끝장났을텐데	ㅇㅇ	1485029868
아 연기개빻음	ㅇㅇ	1485029865
연기 잘하네	녕랑단	1485029865
지은탁 또 왜저래 ㅋㅋㅋㅋㅋㅋㅋㅋㅋㅋ성격 ㅁㅊ	ㅇㅇ	1485029861
아 ㅅㅂ 공유 존잘이네 ㅋㅋㅋㅋ	ㅇㅇ	1485029860
자금 은탁이 코디 고대로 입고 싶다 오렌지 치마	ㅇㅇ	1485029857
무도보며 노 싫다는 갤러들 보여서 충격	ㅇㅇ	1485029856
김고은 목소리 까는 게 더 낫다	ㅇㅇ	1485029853
뭐야 갑자기 급전개	ㅇㅇ	1485029854
귀신 다시보냐?	ㅇㅇ	1485029850
지금 은탁이 연기 좋다 ㅇㅇㅇㅇㅇㅇㅇ	ㅇㅇ	1485029847
김고은 씨발 개존못	ㅇㅇ	1485029844
아 근데 초반 공유 존나잘생김	ㅇㅇ	1485029837
김고은 요즘 촬영한건 이쁜데ㅠ	ㅇㅇ	1485029831
왜 저렇게 잘생기고 난리	ㅇㅇ	1485029829
김고은 캐나다 씬을 먼저 찍어서 머리 짧고 살이 찐 모습이네	ㅇㅇ	1485029832
목도리 잘 맸다	ㅇㅇ	1485029816
마른오징어 마요네즈 찍먹 맥주 마시며 도깨비 시청중	ㅇㅇ	1485029802
클로즈업 하지말라고 ㅡㅡ	ㅇㅇ	1485029802
속보 김고은 지금존못	ㅇㅇ	1485029789
지은탁은 19살 때랑 달라진 게 없네	ㅇㅇ	1485029785
은탁이 단풍국에서 기억 찾을듯	ㅇㅇ	1485029784
선녀 입갤	ㅇㅇ	1485029783
올레 19.57	ㅇㅇ	1485029782
공유는 진짜 외모 리즈 찍는거같다	ㅇㅇ	1485029778
저승이 9년째 같은 폰...	ㅇㅇ	1485029777
뭘 입어도 빻았어 임마	ㅇㅇ	1485029776
맨처음 대본 옷이 젤 났구만	오승아	1485029775
은탁이 너무 신경질적	ㅇㅇ	1485029771
ㅋㅋㅋ  성인되니까 존나설레 ㅋㅋ	ㅇㅇ	1485029770
저 전화는 써니 아니면 걸 사람이 없는 전화	ㅇㅇ	1485029768
광화문 취재하고 왔다	ㅇㅇ	1485029767
써니는 왜 저승이 기억이 없음??	ㅇㅇ	1485029759
은숙이 대사 잘써 여전히 예쁜거말고 이제 막 예쁜건 어떠녜 졸귀	ㅇㅇ	1485029749
cctv녹음 개인정보 보호법 위반 ㅋㅋㅋ	ㅇㅇ	1485029745
폰이 9년동안똑같아ㅋ	ㅇㅇ	1485029745
광화문 취재하구 왔다	ㅇㅇ	1485029732
진짜 공유 혼자 멜로 다하지 않냐?ㅋㅋㅋㅋ	ㅇㅇ	1485029732
오늘 도깨비 너무너무 설렌다ㅠㅠㅠㅠ	ㅇㅇ	1485029720
김고은은 중단발이 젤 잘어울리는듯ㅠ	ㅇㅇ	1485029719
퀘백공유 너무 좋네ㅋㅋ	ㅇㅇ	1485029710
김신 지금 무슨상태?어제못봄	ㅇㅇ	1485029709
29살 말투가 좀아니지않냐?	ㅇ	1485029703
나이 먹었으면 말 살살 해도 매력 있는데 못살리네	ㅇㅇ	1485029702
공유는 좋아하는것처럼 사랑스러워하는 표정 특기네	ㅇㅇ	1485029696
cctv 마이크 성능 보소 ㅋㅋㅋㅋㅋ	기계	1485029690
은탁이 어제 일할 때 모습은 호감이였는데	ㅇㅇ	1485029688
저 레스토랑 한국이냐? 김고은 머리 스타일 바꼈어. 다시 찍었나봐.	ㅇㅇ	1485029688
야너네 오늘 보이스 달릴꺼야??????	ㅇㅇ	1485029685
ㅅㅂ 존나 둘다 졸귀 ㅋㅋㅋㅋ	ㅇㅇ	1485029685
이 장면은 왠지 최근에 찍은듯ㅋㅋㅋㅋ헤어가 달라짐ㅋㅋㅋㅋ	ㅇㅇ	1485029688
지은탁 왜저렇게 성격 빻았냐	ㅇㅇ	1485029680
저렇게 크게 익스큐즈미를 했는데 안와ㅋ	ㅇㅇ	1485029679
김고은  왜  점점  살오르냐	ㅇㅇ	1485029675
빨리 서울가자	ㅇㅇ	1485029674
김고은 머리 예전 신정환 머리 같음	ㅇㅇ	1485029672
지금 은탁이는 고딩 같다 아.. 미리 찍으니 이렇구나	ㅇㅇ	1485029669
은탁이 보험설계아주머니 느낌 낭낭	ㅇㅇ	1485029670
설레네ㅠㅠㅠㅠ	녕랑단	1485029664
근데 깨비는 안늙는거 아님?	ㅇㅇ	1485029663
ㅅㅂ공유존나설레미친	ㅇㅇ	1485029662
아니 김신 대사 치는 거 미치겠네 ㅋㅋㅋㅋㅋㅋㅋㅋ	ㅇㅇ	1485029662
공유 스키장때가 최고 비쥬얼이였고	ㅇㅇ	1485029661
방금 써니랑 대화씬도 지난회차에 나온거 말고 새로찍은거 같지?	ㅇㅇ	1485029657
은탁이 지가 이쁘다는데 왜 패고 싶냐	ㅇㅇ	1485029657
지은탁 존나 짜증내네 ㅋㅋㅋ 왜저래	ㅇㅇ	1485029656
존대해서 그런가 김신인데 김신 안같고 그렇다	ㅇㅇ	1485029655
빻탁이한테 공유너무과분해	ㅇㅇ	1485029655
나랑 보자	ㅇㅇ	1485029654
은탁이 캐릭터탓이냐 연기탓이냐	ㅇㅇ	1485029652
지금 공유 진짜 설레지않음?ㅋㅋㅋ	ㅇㅇ	1485029651
공유 귀엽고 멋있고 잘생기고 다 하네	ㅇㅇ	1485029653
지은탁 진심 별의별말  다한다	ㅇㅇ	1485029651
은탁이 코트 입어어	ㅇㅇ	1485029645
은탁이 빡침 ㅋㅋㅋㅋㅋ	ㅇㅇ	1485029643
내 광대 왜 안내려와 김신 존좋 하 시바	ㅇㅇ	1485029643
공유 진짜 설렌다	ㅇㅇ	1485029643
은탁이 엄청 적극적이네	ㅇㅇ	1485029640
김고은 무슨 시트콤 찍는 것 같아	ㅇㅇ	1485029642
아니 김고은 연기 왜저렇게해	ㅇㅇ	1485029635
아오 김고은 뭐하니....	ㅇㅇ	1485029632
초반연기랑 연결이 안돼 왔다갔다ㅅㅂ	ㅇㅇ	1485029632
미친 ㅋㅋ김신  심술보소	ㅇㅇ	1485029629
김신 좋아죽어ㅋㅋㅋㅋㅋㅋ	ㅇㅇ	1485029623
공유는 이제 정상 사람 됐어?	ㅇㅇ	1485029620
광화문 취재하고 왔다	ㅇㅇ	1485029617
시발 그래 김신 9년동안 군대갔다온셈쳐라ㅜㅜㅜㅜㅜ	ㅇㅇ	1485029617
공깨비 좋아하는거봐	ㅇㅇ	1485029616
몰아찍어도 9년 시간흐름 생각하고 연기를 해야지.	ㅇㅇ	1485029609
남자들 작업걸 때 옛 여자들 얘기 많이 하냐	ㅎㅎ	1485029605
깨비 광대 올라간거 보소	ㅇㅇ	1485029604
김신 좋아쥭넼ㅋㅋㅋㅋㅋㅋㅋㅋㅋㅋㅋㅋㅋㅋㅋㅋㅋㅋ	ㅇㅇ	1485029600
김신 좋아죽는거 보솤ㅋㅋㅋㅋㅋㅋㅋㅋㅋ	ㅇㅇ	1485029599
김고은 머리스탈이 너무 별로다...	ㅇㅇ	1485029597
이건 지금 찍은 거라 또 헤어 다르네	ㅇㅇ	1485029596
실내 세트씬이랑 외부씬도 머리스탈이 달라 ㅋㅋㅋ그새 머리가 길었을테니	ㅇㅇ	1485029595
시발 내 광대	ㅇㅇ	1485029594
깨비 커여워 ㅋㅋㅋㅋ	ㅇㅇ	1485029594
김신 미친 존나 귀여워 ㅋㅋㅋㅋㅋㅋㅋㅋㅋㅋㅋㅋㅋ	ㅇㅇ	1485029593
이목구비가 크면 노안  이목구비가 작으면 동안임	ㅇㅇ	1485029592
김고은은 뭔 자신감으로 머리 자꾸 짧게 짜르냐	ㅇㅇ	1485029589
도깨비 ㅈㄴ 깨발랄	ㅇㅇ	1485029587
대표님이라는 자식을 만났구낰ㅋㅋㅋㅋㅋ	ㅇㅇ	1485029586
쳇 김신 좋댄다	ㅇㅇ	1485029583
대표님이라는자식ㅋㅋㅋ	ㅇㅇ	1485029582
김신 좋아하는거봐 ㅋㅋㅋㅋ	ㅇㅇ	1485029583
기어이 대표란놈을 만났구나	ㅇㅇ	1485029580
지금 장면 다시 찍었나봐.	ㅇㅇ	1485029581
도깨비 옥의 티  김고은  연기	ㅇㅇ	1485029578
퍽 난감하굼 ㅋㅋㅋㅋㅋ	ㅇㅇ	1485029578
김신 조아쥬금ㅋㅋㅋㅋㅋㅋㅋㅋㅋ	ㅇㅇ	1485029578
깨비 존나 좋아햌ㅋㅋㅋㅋㅋㅋㅋ	ㅇㅇ	1485029577
퍽 난감하군 ㅋㅋㅋㅋ	ㅇㅇ	1485029577
와 공유서있기만해도 씨에프네	ㅇㅇ	1485029576
개오글 ㅋㅋㅋ	ㅇㅇ	1485029573
정의가 경제보다 중요하냐	ㅇ	1485029572
지금머리 베토벤같음	ㅇㅇ	1485029570
김신 소 넘어가겠냐 ㅠㅠ	ㅇㅇ	1485029568
너무한거 아니야?	ㅇㅇ	1485029562
은타기 모솔이었나	ㅇㅇ	1485029555
김고은도 마이웨이 쩌는듯	ㅇㅇ	1485029548
공유는 미리 찍은게 존잘이다	ㅇㅇ	1485029544
레스토랑씬은 새로 찍은거네	ㅇㅇ	1485029540
기표 집착심하네	ㅇㅇ	1485029540
오 그장면 나오네 ㅋㅋㅋㅋ	녕랑단	1485029540
난 도깨비 보고 설렌적 없는데 어제오늘 공유 존댓말에 존나 설렘ㅋㅋ	ㅇㅇ	1485029532
저런거보면 완전 쌩 뒤죽박죽 찍은 태후 배우들 대단ㅌㅋ	ㅇㅇ	1485029531
단풍국 공유 존멋 와우	ㅇㅇ	1485029530
태연 악플 의식	ㅇㅇ	1485029528
야 김신 도깨비 이제 개이득 아님?	초강풍	1485029527
김신 얼마나 행복할까	ㅇㅇ	1485029526
지은탁 왤케 빨리 좋아하는 거냐??????재벌알고나서 호감폭발하더니	ㅇㅇ	1485029528
김고은 지금 머리짧은 19세 연기야	ㅇㅇ	1485029525
공유 혼자 비주얼 연기 다한다	ㅇㅇ	1485029521
김고은 머리는 저게 최선이야??? 차라리 치인트때가 나아보일정도...	ㅇㅇ	1485029519
공유	oo	1485029518
서울씬은 약간 머리도 더 길고 웨이브 졌는데 미리 찍어온 캐나다씬은 ㅡㅡ	ㅇㅇ	1485029518
아 어젠 김고은 이뻐보였는데 오늘 너무 못생	ㅇㅇ	1485029514
김고은 점점 19세 은탁이 말투 나오네	ㅇㅇ	1485029514
김신 감동이겠다 기억 잊었어도 다시 좋다고 고백하는 은탁이	ㅇㅇ	1485029514
김신 눈가 촉촉해 ㅠㅠㅠ	ㅇㅇ	1485029505
와 공유 진짜 멋있다ㅋㅋㅋㅋㅋ	ㅇㅇ	1485029505
하 도깨비 존잼인데 막방까지 여주 적응이 안된다 휴	ㅇㅇ	1485029504
김고은 머리좀 다시 길러줘어ㅠ	ㅇㅇ	1485029504
은탁이 29살되니까 겁나 설레네ㅠㅠㅠㅠㅠㅠ	ㅇㅇ	1485029504
김고은 쩝쩝 소리는 왜케 크게 들리고 거슬리냐?	ㅇㅇ	1485029504
이 장면 영화같다	ㅇㅇ	1485029495
와 공유씹존멋	ㅇㅇ	1485029496
아직도 고딩같노	ㅇㅇ	1485029485
지금 공유 옆 민들레 홀씨 본 사람	ㅇㅇ	1485029484
김고은 헤어담담자 쳐나와라ㅠ저게 모지	ㅇㅇ	1485029483
아 귀여워 은탁이 ㅋㅋㅋ	ㅇㅇ	1485029481
에일리 오스트 오늘은 아직 안나왔지?	ㅇㅇ	1485029478
공유 묘하게 김신 안 같다 미리 찍어서 그런가	ㅇㅇ	1485029475
공유 표정 아련아련해 ㅜㅜㅜ	ㅇㅇ	1485029472
공유 난리난다 시바 영화보는 거 같ㅇㅋㅋㅋㅋㅋ	ㅇㅇ	1485029471
공유 비쥬얼보소	ㅇㅇ	1485029468
싫어할 사람이 어디 있겟냐	ㅇㅇ	1485029467
네래 미친년ㅋㅋㅋㅋㅋㅋ	ㅇㅇ	1485029464
저때 공유 존나 잘생겼노	ㅇㅇ	1485029459
김고은 키 몇이야? 맥시롱코트 잘 어울리네	ㅇㅇ	1485029455
공유얼굴 왜저렇게 팽팽하냐ㅋㅋㅋㅋ	ㅇㅇ	1485029453
공유 진짜 존멋	ㅇㅇ	1485029448
공유 지금 비쥬얼이 더 좋다	ㅇㅇ	1485029448
아 제발...김고은 대사량좀 줄여줘......ㅠㅠㅠㅠㅠㅠ	ㅇㅇ	1485029445
쩝쩝충 턱살 ㅋㅋㅋㅋㅋ	ㅇㅇ	1485029444
김고은 목소리 너무싫다	ㅇㅇ	1485029443
광희까지마라 이 아웃사이더들아 ㅋ	ㅇㅇ	1485029445
김고은 지금 개존못	ㅇㅇ	1485029442
김고은 초반에 찍은 것하고 지금 찍은 것 하고 섞여 있네.	ㅇㅇ	1485029444
도깨비는 김고은만 아니면 두배로 재밌겠다	ㅇㅇ	1485029439
김고은 싸이가 자꾸 떠올라	ㅇㅇ	1485029438
비주얼 고딩때가 그나마 낫다 저머리 너무 이상해	ㅇㅇ	1485029437
저봐 저렇게 둘이 붙으면 서로서로 외모 마이너스라니까	ㅇㅇ	1485029437
[ㄹㅇ]도깨비 결말 알려준ㄴ다	ㅇㅇ	1485029428
도깨비 1화보고처음보는데 김고은은 기억 잃고 공유는 기억다하는거야?	ㅇㅇ	1485029424
김신 만나서 말투가 달라진게 아니라	ㅇㅇ	1485029424
올레	ㅇㅇ	1485029422
후반에 할 연기 저렇게 초반에 찍어오면 연기쫌 어색	ㅇㅇ	1485029422
김고은 또 고딩말투 초반에 찍어서 같은말투인가	ㅇㅇ	1485029420
김고은 머리 ㅅㅂ 옷도 이상해	ㅇㅇ	1485029418
야갤 도깨비 안달리네;;	ㅇㅇ	1485029417
지금 김고은 머리 가발이지???	ㅇㅇ	1485029417
머리랑 대사톤이 왔다갔다해 ㅋㅋㅋㅋ	ㅇㅇ	1485029415
김고은 머리라도 좀 기르지	ㅇㅇ	1485029414
아니 무슨 김신 대하는게 이랬다 저랬다야	ㅇㅇ	1485029415
머리 긴게 난듯 그래도	ㅇㅇ	1485029413
보거미 불쌍하다	ㅇㅇ	1485029408
초반에 찍은거라 연기가 시발아옥ㄱㅋㅋㅋㅋㅋㅋㅋ	ㅇㅇ	1485029407
와 공유 비쥬얼 시발 앉아만있어도그림이네	ㅇㅇ	1485029405
김고은  짜증난다	ㅇㅇ	1485029401
근데 김고은 머리 왜 저리 짧게 자름	ㅇㅇ	1485029399
김고은 코트 뽐뿌 오네 ㅠ	ㅇㅇ	1485029397
김고은 29살에도 초딩말투	ㅇㅇ	1485029396
연기가 약간 다르네	ㅇㅇ	1485029394
월계수 태양이 신인임?	ㅇㅇ	1485029392
김고은 떽떽거리는 거 귀여워야 하는데 왜 짜증이	ㅎㅎ	1485029391
김고은 연기 널뛰네	ㅇㅇ	1485029386
존못...	ㅇㅇ	1485029386
유난히 예쁜데ㅋㅋㅋㅋ	ㅇㅇ	1485029382
어휴 연기 진짴ㅋㅋㅋㅋㅋㅋㅋㅋ 전공 연기 맞냐?	ㅇㅇ	1485029378
초반에 찍었던 거라 연기 다시 돌아갔네	ㅇㅇ	1485029376
김고은 또 쩝접 귀척 하네	ㅇㅇ	1485029374
은탁이 점점 텐션 올라간다 ㅋㅋㅋ	ㅇㅇ	1485029371
김고은 또 고딩 찡찡 말투	ㅇㅇ	1485029367
초반에 찍은거라 연기톤 이.....	ㅇㅇ	1485029366
자기가 한 작업이면서	ㅇㅇ	1485029365
푸른바다의 전설이랑 비슷한거같다 ㅋㅋㅋ	ㅇㅇ	1485029365
김고은 속쌍맞지?	♋	1485029364
은탁이 김신 만나니까 그 고딩말투 또 나올락말락	ㅇㅇ	1485029362
손잡고 싶고 안고싶고. .태후대사 ㅋㅋㅋㅋ	ㅇㅇ	1485029362
응 그거 니가한 말이야 ㅋㅋㅋ	ㅇㅇ	1485029359
은탁이 말투가 다시 고딩이됐냐	ㅇㅇ	1485029359
아 김고은 짜증남	ㅇㅇ	1485029358
도깨비 11시반에 끝나고 보이스 11시에 시작하는데 뭐 볼거?	ㅇㅇ	1485029357
은탁이 예전 성격 나온다 ㅋㅋㅋㅋㅋㅋㅋㅋ	ㅇㅇ	1485029355
은탁이 왜갑자기 고딩스러워졌어	ㅇㅇ	1485029353
고딩때랑 연기 똑같자나	ㅇㅇ	1485029352
아직도 말투가 고딩ㅋㅋ	ㅇㅇ	1485029350
공유 대존잘 ㅠㅠㅠ	녕랑단	1485029350
공유 개고생하긴했나바 지금보다 저때가 젊어보임	ㅇㅇ	1485029350
공유 한결이 생각난다	ㅇㅇ	1485029349
미리 찍어놓은거라 은탁이 고딩때 귀척하는 목소리네	ㅇㅇ	1485029349
공유 잘생겼다 ㅋㅋㅋ	ㅇㅇ	1485029345
ㅋㅋㅋㅋ신탁 개잘어울려 ㅋㅋㅋ	ㅇㅇ	1485029344
김고은 연기 왜 또 저러냐	ㅇㅇ	1485029348
김고은연기 드럽게못해	ㅇㅇ	1485029340
은탁이 예전 성격 나온다 ㅋㅋㅋㅋ존귀	ㅇㅇ	1485029340
퀘벡 공유 존잘이다진심	ㅇㅇ	1485029339
꼭 갱년기 온 부부가 외국가서 리마인드웨딩하는거같냐	ㅇㅇ	1485029339
김고은 마지막에 비주얼이 진짜	ㅇㅇ	1485029339
은탁이 지금 고딩연기 하니	ㅇㅇ	1485029333
티빙 폰으로 보는 건 괜춘 ㅇㅇ	ㅇㅇ	1485029331
은근 태후랑 비슷한 대사 많음ㅋㅋ	ㅇㅇ	1485029326
티빙 잘나와.	ㅇㅇ	1485029324
캐나다 공유 나른한게 너무 좋타 ㅠ	ㅇㅇ	1485029320
공유 존멋	ㅇㅇ	1485029320
왜 더 나이가 든걸 짧은 머리로 한거냐 더 긴머리를 붙이지	ㅇㅇ	1485029319
공유 존나 멋있다	ㅇㅇ	1485029318
은탁이 미리찍어놓은거라 어제랑 연기가 다르네	ㅇㅇ	1485029313
퀘벡갔을때 공유 비쥬얼 지려	ㅇㅇ	1485029312
은탁이 머리 왜더 짧아진거냐	ㅇㅇ	1485029311
넘나 못생긴거	ㅇㅇ	1485029311
미리  찍어논거라 그런지 공유얼굴이 새끈하다ㅋㅋㅋㅋ	ㅇㅇ	1485029309
김고은 눈 부은것같다	ㅇㅇ	1485029293
티빙 돈주고보면 안끓김	ㅇㅇ	1485029293
저런 외모에 일룸대표에 ㅋㅋㅋㅋ	ㅇㅇ	1485029290
김고은 코트 넘 이쁘다	ㅇㅇ	1485029289
김신 대사 존나 설레여	ㅇㅇ	1485029286
공유 미쳤나봐 존멋 ㄷㄷ	ㅇㅇ	1485029286
공유 존나 설렠ㅋㅋㅋㅋㅋㅋㅋㅋㅋㅋㅋㅋ	ㅇㅇ	1485029285
짧은머리저게 더 예전에 찍은거아냐?	ㅇㅇ	1485029283
공유 비쥬얼 초반이라 훨좋다	ㅇㅇ	1485029283
야 퀘백 공유 존나 잘생 시발	ㅇㅇ	1485029281
코트이쁘다	ㅇㅇ	1485029278
월계수보는사람없냐	ㅇㅇ	1485029275
공유 비주얼봐ㅡㅡ	ㅇㅇ	1485029274
공유 존나 멋있다ㅋㅋㅋ	ㅇㅇ	1485029273
공유 안죽은 이유가 이거야???글쓰기 귀찮으면 어 아니 로 대답만이라도	ㅇㅇ	1485029269
근데 왜이리 진도가 안나가는 기분이냐	ㅇㅇ	1485029269
아 은탁이 헤어 진짜 적응안되네ㅠ	ㅇㅇ	1485029263
티빙ㅇ나만끊기난	ㅇㅇ	1485029261
공유 지금 분위기 존나 멋있어 미치겠따	ㅇㅇ	1485029264
지금 공유 진짜 개존잘	ㅇㅇ	1485029259
도깨비신부 9년간 우울증 아녔냐	ㅇㅇ	1485029259
월계수 여아나 결혼했네 효원이네는 어떻게 되는거임	ㅇㅇ	1485029253
은숙이 저런식으로 대사 회수하는 거 존나 좋아	ㅇㅇ	1485029247
김고은 짧은 머리 더 안어울리는데	ㅎㅎ	1485029244
키차이 장난아니다	ㅇㅇ	1485029237
티빙 터진거야? 아니면 일부러 TV로 봐라고 못보게하는거야	ㅇㅇ	1485029239
공유,정우성은 스테이크 덕후나	ㅇㅇ	1485029235
티빙 안돼 버퍼링과의 싸움이야	ㅇㅇ	1485029233
신기한게 은탁이가 나이드니까 김신은 젊어진 느낌 둘 나이차 더 줄어들어보	ㅇㅇ	1485029232
깨비 로밍안했어 전화못해	ㅇㅇ	1485029218
은숙이 서브웨이에 지분이라도 있냐??	ㅇㅇ	1485029216
미국은 서브웨이 있는 거 아는데 단풍국도 있나봐ㅋ	ㅇㅇ	1485029215
공유 지금 느낌 남과여느낌이다	ㅇㅇ	1485029215
ㅅㅂ 깨비부부 귀여워	ㅇㅇ	1485029214
정말 단풍국에서 깨알같이 찍고 욌네	ㅇㅇ	1485029214
김고은 카멜 코트 넘나 예쁘다 특히 카라부분	ㅇㅇ	1485029199
은탁이 고기 안사려고 한거냐ㅋㅋㅋ	ㅇㅇ	1485029199
공유 윤균상 안닮았냐	ㅇㅇ	1485029195
캐나다에서 서브웨이 먹냐	ㅇㅇ	1485029192
김칫국마시냐	ㅇㅇ	1485029192
티빙 씨발아 터졌잖아	ㅇㅇ	1485029187
티빙 개끊기네 ㅆㅂ	ㅇㅇ	1485029183
빻탁이년 오바한다 씨발	ㅇㅇ	1485029183
깨비 리얼 풍성이다	ㅇㅇ	1485029179
김고은 개그우먼 진짜 닮았다	ㅇㅇ	1485029175
공유 개설레네진짜ㅡㅡ	ㅇㅇ	1485029170
티빙 지금 로그인도 안돼ㅠㅠ	ㅇㅇ	1485029164
ㅋㅋㅋㅋㅋ 깨비 시발ㅋㅋ	ㅇㅇ	1485029161
공유 진짜 풍성충이네	ㅇㅇ	1485029153
아니.근데 일반인들이 갤럽을 알긴 아냐???	ㅇㅇ	1485029153
캐나다에서 서브웨이를 먹냐	ㅇㅇ	1485029153
소ㅋㅋㅋㅋㅋㅋㅋ	ㅇㅇ	1485029150
서브웨이라곸??ㅋㅋㅋ	ㅇㅇ	1485029150
ㅅㅂ 캐나다까지 가서 서브웨이...	ㅇㅇ	1485029150
시바 지금 공유 존나 잘생겼다ㅏ	ㅇㅇ	1485029146
김고은보다 김연아가 훨 예쁘지안냐?	ㅇㅇ	1485029139
아 퀘벡 개조아 ㅠㅠㅠㅠㅠㅠㅠㅠㅠ	ㅇㅇ	1485029138
서브웨이? ㅅㅂ?	ㅇㅇ	1485029136
김고은 어제 성인연기좋았는데	ㅇㅇ	1485029133
홈플러스매장내에 화장품 로드샵도 10시면 문닫아?	ㅇㅇ	1485029133
저기서까지 서브웨이냨ㅋㅋㅋㅋㅋ	ㅇㅇ	1485029129
초기 피피엘은 이해하자	ㅇㅇ	1485029119
이리로 가봅시다 ㅋㅋ 귀여워	ㅇㅇ	1485029114
티빙 버벅대네	ㅇㅇ	1485029112
저 애교좀 그마해	ㅇㅇ	1485029108
캐나다는 귀신도 젠틀하냐	ㅇㅇ	1485029105
티빙 가입해야함?	ㅇㅇ	1485029102
저기 캐나다 최근에 또 가서 찍은거?	ㅇㅇ	1485029101
공유 머리 조금만 더 띄우지	ㅇㅇ	1485029093
야 그럼 도깨비 지금 2026년이냐? 아니면	초강풍	1485029088
아 깨비 존댓말 너무 좋다 진짜	ㅇㅇ	1485029085
김고은 성인되니까 더짜증나 귀척하는게낫다	ㅇㅇ	1485029084
도깨비 주책맞아ㅋㅋㅋ	ㅇㅇ	1485029065
존귀네ㅋㅋㅋㅋㅋㅋㅋㅋㅋㅋㅋㅋㅋㅋㅋㅋ	ㅇㅇ	1485029065
공유 머리좀 ㅋㅋㅋ	ㅇㅇ	1485029064
후드티남자 왜 볼때마다 수상한거냐 ㅋㅋㅋㅋ	ㅇㅇ	1485029060
어제 도깨비 못 봤는데 공유 왜 안죽었어?검 뽑으면 영원히 소멸아냐??	ㅇㅇ	1485029050
얼마나 쩌리듣보 빨면 갤럽을 후려치냐	ㅇㅇ	1485029047
이동건네 참대 사러 가서 저게 뭔 꼴깝 난 또 꿈인줄 알았네	ㅇㅇ	1485029044
ㅋㅋㅋㅋㅋㅋㅋㅋ	ㅇㅇ	1485029035
애도 되게 오래 살았대 ㅋㅋㅋㅋㅋㅋㅋㅋㅋ	ㅇㅇ	1485029034
ㅁㅊㅋㅋㅋㅋㅋ왜저랰ㅋㅋㅋㅋ	ㅇㅇ	1485029030
깨비 저 또라잌ㅋㅋㅋㅋㅋㅋㅋㅋ	ㅇㅇ	1485029030
ㅅㅂ 국제적 분쟁	ㅇㅇ	1485029029
돈 많이 줘서 기억할수도 있지	ㅇㅇ	1485029028
뭐하냨ㅋㅋㅋㅋㅋㅋㅋㅋㅋㅋ	ㅇㅇ	1485029027
씨발ㅋㅋㅋㅋㅋㅋㅋㅋㅋㅋㅋㅋㅋ 하다하닼ㅋㅋㅋㅋㅋㅋㅋㅋㅋㅋㅋㅋㅋㅋㅋㅋ	ㅇㅇ	1485029022
월계수 진상커플이네	ㅇㅇ	1485029016
난다고레	ㅇㅇ	1485029001
은탁이	oo	1485028996
은숙식 개그와 피피엘 대잔치러 채울 2회차	ㅇㅇ	1485028994
심은하 신인때 mbc 다큐에 짧게 나왔다	ㅇㅇ	1485028990
씨발 도깨비 9년동안 많이 힘들었나	ㅇㅇ	1485028984
아무리 판타지라도 너무 ㅋㅋ 우연 우연 ㅋㅋㅋ	ㅇㅇ	1485028978
깨비 시발 ㅋㅋㅋㅋㅋㅋㅋㅋㅋㅋㅋㅋ	ㅇㅇ	1485028978
10년째 노점상 ㅆㅂㅋㅋㅋㅋㅋ	ㅇㅇ	1485028975
ㅅㅂ공유뭐냒ㅋㅋㅋ	ㅇㅇ	1485028975
스파씨바 ㅋㅋㅋㅋ	ㅇㅇ	1485028978
캐나다 아지매 매의 눈 돋네 ㅋㅋㅋㅋㅋ	ㅇㅇ	1485028975
미친놈ㅋㅋㅋㅋㅋ	ㅇㅇ	1485028969
깨비 뭐하냨ㅋㅋㅋㅋㅋㅋㅋㅋㅋㅋㅋㅋ	ㅇㅇ	1485028959
도깨비 몇시에 끝나는데  보이스를 11시에 하냐?	ㅇㅇ	1485028956
티빙 되냐?	ㅇㅇ	1485028953
김고은도 무쌍 아니라 속쌍이냐?	♋	1485028943
목걸이 디자인값을 많이 쳐줬나보지뭐	ㅇㅇ	1485028940
저 할머니는 도깨비 어떻게 기억해?	킹갓	1485028940
김은숙 차기작은 손예진이 할거 같지 않냐?	ㅇㅇ	1485028939
본인이 만든건데 기억하겟지	ㅇㅇ	1485028934
고은이 유학파 출신 아니냐??대사가 왜케 짧어 ㅋㅋㅋㅋㅋㅋㅋ	ㅇㅇ	1485028929
캐나다 노점상 일관성 쩌네	ㅇㅇ	1485028919
나 어제 도깨비 못 봤는데 공유 왜 안죽었어??검 뽑으면 영원히 소멸아냐	ㅇㅇ	1485028914
기억력 오지네	ㅇㅇ	1485028914
십년전껄기억ㅋㅋㄱㄱ	ㅇㅇ	1485028912
나 사실 도깨비	ㅇㅇ	1485028904
캐나다인 기억력보소 ㄷㄷ	ㅇㅇ	1485028901
다른건 몰라도 도깨비 소멸하고 김고은 오열 연기는 괜찮았는데	ㅇㅇ	1485028881
다시 귀신 보네?	ㅇㅇ	1485028880
귀신이 뭐라함	ㅇㅇ	1485028876
저 사람은 서양귀신이냐 ㅋㅋ 유 어겐	ㅇㅇ	1485028874
갤럽은 그냥 정치인들 선호도만 보지 연예인건 안봄	ㅇㅇ	1485028873
헉 캐나다 도깨비가 다시보네요	ㅇㅇ	1485028875
캐나다귀신이냐	ㅇㅇ	1485028871
은탁이가 식당에서 대표님!하는게 깨비아님?	ㅇㅇ	1485028870
갓은숙 떡밥회수지린닼ㅋㅋㅋㅋㅋㅋㅋㅋㅋ	ㅇㅇ	1485028868
방금 캐나다 귀신이었나?	ㅇㅇ	1485028860
김고은 성인연기가 더구려	ㅇㅇ	1485028859
에일리 오스트 아침드라마 오스트 같애서 별로	ㅇㅇ	1485028858
헐 귀신보네 이제	ㅇㅇ	1485028854
도깨비타임	ㅇㅇ	1485028852
캐나다 귀신 아님?	ㅇㅇ	1485028848
이것도 ㄹㅇ 쇼타 아니냐?	ㅇㅇ	1485028836
캐나다 귀신??	ㅇㅇ	1485028833
도깨비가 고추가루로 보내니	ㅇㅇ	1485028833
한다 시발 ㅠㅠㅠㅠㅠㅠㅠㅠㅠ	ㅇㅇ	1485028828
정각 시작 ㅋㅋㅋ	ㅇㅇ	1485028819
에일리 저오스트 개존좋	ㅇㅇ	1485028815
긷갤에서 바로 몇일전에 (O줌=백청강줌)이라고 했었는데	ㅇㅇ	1485028804
